Comune;N. Proc.;Anno;Procedimenti;Prov.;Regione;Abitanti
ACATE;1;2016 ;Diss.;RG;SICILIA;10954
ACERNO;1;2013 ;Rieq.;SA;CAMPANIA;2832
ACI CATENA;2;2019 ;Rieq.;CT;SICILIA;27868
ACI CATENA;;2023 ;Diss.;CT;SICILIA;27762
ACI SANT'ANTONIO;1;2013 ;Diss.;CT;SICILIA;17474
ACQUAFONDATA;1;1990 ;Diss.;FR;LAZIO;278
ACQUAFORMOSA;1;1989 ;Diss.;CS;CALABRIA;1380
ACQUAPPESA;3;1991 ;Diss.;CS;CALABRIA;2133
ACQUAPPESA;;2020 ;Rieq.;CS;CALABRIA;1765
ACQUAPPESA;;2021 ;Diss.;CS;CALABRIA;1726
ACQUARICA DEL CAPO;1;1989 ;Diss.;LE;PUGLIA;4689
ACQUARO;1;1991 ;Diss.;VV;CALABRIA;3293
ACQUEDOLCI;1;2018 ;Rieq.;ME;SICILIA;5663
ACRI;2;2014 ;Rieq.;CS;CALABRIA;21180
ACRI;;2016 ;Diss.;CS;CALABRIA;20858
ADRANO;1;2016 ;Rieq.;CT;SICILIA;36122
AFRAGOLA;1;2022 ;Diss.;NA;CAMPANIA;61712
AFRICO;1;1996 ;Diss.;RC;CALABRIA;3272
AGAZZANO;1;2022 ;Rieq.;PC;EMILIA ROMAGNA;1979
AIDONE;1;2020 ;Diss.;EN;SICILIA;4522
ALATRI;2;1991 ;Diss.;FR;LAZIO;25038
ALATRI;;2017 ;Rieq.;FR;LAZIO;28884
ALBIDONA;1;1994 ;Diss.;CS;CALABRIA;2012
ALBISOLA SUPERIORE;1;2021 ;Rieq.;SV;LIGURIA;9800
ALESSANDRIA;2;2012 ;Diss.;AL;PIEMONTE;89493
ALESSANDRIA;;2019 ;Rieq.;AL;PIEMONTE;93191
ALESSANDRIA DEL CARRETTO;1;1990 ;Diss.;CS;CALABRIA;952
ALEZIO;1;1989 ;Diss.;LE;PUGLIA;5140
ALI';1;1995 ;Diss.;ME;SICILIA;1047
ALIA;1;2021 ;Rieq.;PA;SICILIA;3314
ALIANO;1;1990 ;Diss.;MT;BASILICATA;1472
ALIFE;1;2017 ;Diss.;CE;CAMPANIA;7619
ALIMINUSA;1;2024 ;Diss.;PA;SICILIA;1019
ALLISTE;1;1993 ;Diss.;LE;PUGLIA;6230
ALTAVILLA SILENTINA;1;1992 ;Diss.;SA;CAMPANIA;6801
ALTILIA;3;1990 ;Diss.;CS;CALABRIA;744
ALTILIA;;2016 ;Rieq.;CS;CALABRIA;711
ALTILIA;;2020 ;Diss.;CS;CALABRIA;680
ALTOMONTE;1;1991 ;Diss.;CS;CALABRIA;4569
AMALFI;1;1994 ;Diss.;SA;CAMPANIA;5553
AMANTEA;2;2017 ;Diss.;CS;CALABRIA;14009
AMANTEA;;2022 ;Rieq.;CS;CALABRIA;13850
AMARONI;1;1989 ;Diss.;CZ;CALABRIA;2467
AMASENO;1;1990 ;Diss.;FR;LAZIO;3998
AMENDOLARA;3;1990 ;Diss.;CS;CALABRIA;3132
AMENDOLARA;;2020 ;Rieq.;CS;CALABRIA;2785
AMENDOLARA;;2022 ;Diss.;CS;CALABRIA;2719
AMOROSI;1;2021 ;Diss.;BN;CAMPANIA;2631
ANDRIA;1;2018 ;Rieq.;BT;PUGLIA;99857
ANOIA;2;2012 ;Rieq.;RC;CALABRIA;2254
ANOIA;;2013 ;Diss.;RC;CALABRIA;2245
APICE;1;2010 ;Diss.;BN;CAMPANIA;5766
APRIGLIANO;1;2024 ;Rieq.;CS;CALABRIA;2329
AQUINO;2;1995 ;Diss.;FR;LAZIO;5402
AQUINO;;2024 ;Rieq.;FR;LAZIO;4919
ARAGONA;1;2018 ;Diss.;AG;SICILIA;9409
ARDEA;3;1993 ;Diss.;RM;LAZIO;16810
ARDEA;;2017 ;Diss.;RM;LAZIO;49418
ARDEA;;2017 ;Rieq.;RM;LAZIO;49418
ARDORE;1;1995 ;Diss.;RC;CALABRIA;5034
ARGENTERA;1;2017 ;Diss.;CN;PIEMONTE;76
ARGUSTO;1;1989 ;Diss.;CZ;CALABRIA;531
ARI;3;2014 ;Diss.;CH;ABRUZZO;1182
ARI;;2018 ;Rieq.;CH;ABRUZZO;1148
ARI;;2025 ;Diss.;CH;ABRUZZO;1063
ARIENZO;1;2024 ;Rieq.;CE;CAMPANIA;5373
ARNESANO;1;1989 ;Diss.;LE;PUGLIA;3362
ARPAIA;2;1991 ;Diss.;BN;CAMPANIA;1754
ARPAIA;;2008 ;Diss.;BN;CAMPANIA;1928
ARPAISE;1;1999 ;Diss.;BN;CAMPANIA;888
ARPINO;2;2012 ;Rieq.;FR;LAZIO;7356
ARPINO;;2020 ;Diss.;FR;LAZIO;6943
ARRONE;1;2013 ;Rieq.;TR;UMBRIA;2843
ARTENA;1;2022 ;Rieq.;RM;LAZIO;13616
ARZANO;1;2022 ;Rieq.;NA;CAMPANIA;31977
ASCEA;2;1989 ;Diss.;SA;CAMPANIA;5236
ASCEA;;2021 ;Rieq.;SA;CAMPANIA;5898
ATRI;1;2025 ;Rieq.;TE;ABRUZZO;9830
AUGUSTA;3;2013 ;Rieq.;SR;SICILIA;36075
AUGUSTA;;2015 ;Diss.;SR;SICILIA;36490
AUGUSTA;;2015 ;Rieq.;SR;SICILIA;36490
AVELLINO;1;2019 ;Rieq.;AV;CAMPANIA;53762
AVERSA;1;2022 ;Rieq.;CE;CAMPANIA;49612
AVIGLIANO UMBRO;1;1994 ;Diss.;TR;UMBRIA;2324
AVOLA;1;2014 ;Rieq.;SR;SICILIA;31729
AZZANO MELLA;2;2013 ;Rieq.;BS;LOMBARDIA;3048
AZZANO MELLA;;2017 ;Diss.;BS;LOMBARDIA;3189
BACOLI;2;2015 ;Rieq.;NA;CAMPANIA;26723
BACOLI;;2018 ;Diss.;NA;CAMPANIA;26412
BADIA TEDALDA;1;1989 ;Diss.;AR;TOSCANA;1372
BADOLATO;2;1989 ;Diss.;CZ;CALABRIA;3705
BADOLATO;;2017 ;Diss.;CZ;CALABRIA;3046
BAGHERIA;2;2013 ;Rieq.;PA;SICILIA;54271
BAGHERIA;;2014 ;Diss.;PA;SICILIA;55854
BAGNARA CALABRA;1;2016 ;Diss.;RC;CALABRIA;10255
BAGNI DI LUCCA;1;1989 ;Diss.;LU;TOSCANA;7471
BAIA E LATINA;1;2011 ;Diss.;CE;CAMPANIA;2244
BALESTRATE;2;2022 ;Rieq.;PA;SICILIA;6229
BALESTRATE;;2024 ;Diss.;PA;SICILIA;6334
BALESTRINO;1;2023 ;Rieq.;SV;LIGURIA;528
BARANELLO;1;2013 ;Rieq.;CB;MOLISE;2686
BARBATA;1;1991 ;Diss.;BG;LOMBARDIA;525
BARCELLONA POZZO DI GOTTO;2;2018 ;Rieq.;ME;SICILIA;41389
BARCELLONA POZZO DI GOTTO;;2023 ;Diss.;ME;SICILIA;39878
BARNI;1;2011 ;Diss.;CO;LOMBARDIA;621
BARRAFRANCA;3;2015 ;Rieq.;EN;SICILIA;13541
BARRAFRANCA;;2016 ;Diss.;EN;SICILIA;13380
BARRAFRANCA;;2021 ;Diss.;EN;SICILIA;11887
BARZIO;1;2017 ;Rieq.;LC;LOMBARDIA;1349
BASCHI;1;1989 ;Diss.;TR;UMBRIA;2666
BASCIANO;1;1989 ;Diss.;TE;ABRUZZO;2182
BASSIANO;2;2023 ;Diss.;LT;LAZIO;1430
BASSIANO;;2023 ;Rieq.;LT;LAZIO;1430
BATTIPAGLIA;2;1993 ;Diss.;SA;CAMPANIA;48144
BATTIPAGLIA;;2012 ;Rieq.;SA;CAMPANIA;50450
BAUCINA;1;2020 ;Rieq.;PA;SICILIA;1898
BEDONIA;1;1994 ;Diss.;PR;EMILIA ROMAGNA;4297
BELCASTRO;2;2012 ;Rieq.;CZ;CALABRIA;1400
BELCASTRO;;2016 ;Diss.;CZ;CALABRIA;1399
BELGIOIOSO;1;2015 ;Rieq.;PV;LOMBARDIA;6208
BELLEGRA;3;1993 ;Diss.;RM;LAZIO;3143
BELLEGRA;;2014 ;Rieq.;RM;LAZIO;2932
BELLEGRA;;2017 ;Diss.;RM;LAZIO;2846
BELLOSGUARDO;1;1995 ;Diss.;SA;CAMPANIA;1107
BELMONTE MEZZAGNO;3;2012 ;Rieq.;PA;SICILIA;11182
BELMONTE MEZZAGNO;;2014 ;Rieq.;PA;SICILIA;11278
BELMONTE MEZZAGNO;;2020 ;Diss.;PA;SICILIA;11088
BELVEDERE MARITTIMO;1;2019 ;Diss.;CS;CALABRIA;9147
BENESTARE;2;2018 ;Rieq.;RC;CALABRIA;2562
BENESTARE;;2020 ;Diss.;RC;CALABRIA;2510
BENEVENTO;4;1993 ;Diss.;BN;CAMPANIA;62631
BENEVENTO;;2012 ;Rieq.;BN;CAMPANIA;61297
BENEVENTO;;2014 ;Rieq.;BN;CAMPANIA;60770
BENEVENTO;;2017 ;Diss.;BN;CAMPANIA;59945
BEREGUARDO;1;2024 ;Rieq.;PV;LOMBARDIA;2885
BERNALDA;1;1991 ;Diss.;MT;BASILICATA;12037
BIANCHI;1;1992 ;Diss.;CS;CALABRIA;1630
BIANCO;2;1989 ;Diss.;RC;CALABRIA;3865
BIANCO;;2017 ;Rieq.;RC;CALABRIA;4294
BIOGLIO;1;2023 ;Rieq.;BI;PIEMONTE;912
BISIGNANO;2;2016 ;Rieq.;CS;CALABRIA;10203
BISIGNANO;;2021 ;Diss.;CS;CALABRIA;9494
BIVONA;1;2023 ;Rieq.;AG;SICILIA;3129
BOCCHIGLIERO;1;1991 ;Diss.;CS;CALABRIA;3026
BOJANO;2;2018 ;Diss.;CB;MOLISE;8178
BOJANO;;2018 ;Rieq.;CB;MOLISE;8178
BOLOGNANO;2;2022 ;Diss.;PE;ABRUZZO;1002
BOLOGNANO;;2023 ;Rieq.;PE;ABRUZZO;1002
BOLOGNETTA;1;2018 ;Diss.;PA;SICILIA;4161
BONEA;1;1992 ;Diss.;BN;CAMPANIA;1546
BONIFATI;1;1990 ;Diss.;CS;CALABRIA;3587
BONITO;1;2021 ;Rieq.;AV;CAMPANIA;2212
BORGETTO;2;2016 ;Rieq.;PA;SICILIA;7419
BORGETTO;;2018 ;Diss.;PA;SICILIA;7374
BORGHETTO SANTO SPIRITO;1;2017 ;Rieq.;SV;LIGURIA;4850
BORGIA;2;1993 ;Diss.;CZ;CALABRIA;6632
BORGIA;;2016 ;Rieq.;CZ;CALABRIA;7611
BORGONOVO VAL TIDONE;1;2016 ;Rieq.;PC;EMILIA ROMAGNA;7892
BORGOROSE;2;2002 ;Diss.;RI;LAZIO;4518
BORGOROSE;;2021 ;Rieq.;RI;LAZIO;4222
BORMIDA;1;1992 ;Diss.;SV;LIGURIA;510
BOSCOREALE;2;1993 ;Diss.;NA;CAMPANIA;26936
BOSCOREALE;;2016 ;Rieq.;NA;CAMPANIA;28072
BOSCOTRECASE;1;1990 ;Diss.;NA;CAMPANIA;11328
BOTRICELLO;1;2016 ;Diss.;CZ;CALABRIA;5220
BOTRUGNO;1;1989 ;Diss.;LE;PUGLIA;3003
BOVA MARINA;2;2012 ;Diss.;RC;CALABRIA;4149
BOVA MARINA;;2022 ;Rieq.;RC;CALABRIA;4129
BOVALINO;3;1995 ;Diss.;RC;CALABRIA;8351
BOVALINO;;2013 ;Rieq.;RC;CALABRIA;8822
BOVALINO;;2017 ;Diss.;RC;CALABRIA;8896
BOVINO;1;2021 ;Rieq.;FG;PUGLIA;2985
BRACCIANO;1;2016 ;Rieq.;RM;LAZIO;19384
BRANCALEONE;3;1989 ;Diss.;RC;CALABRIA;4026
BRANCALEONE;;2018 ;Rieq.;RC;CALABRIA;3550
BRANCALEONE;;2020 ;Diss.;RC;CALABRIA;3408
BRIATICO;3;2011 ;Diss.;VV;CALABRIA;4016
BRIATICO;;2019 ;Diss.;VV;CALABRIA;4238
BRIATICO;;2019 ;Rieq.;VV;CALABRIA;4238
BRIGA NOVARESE;1;2013 ;Rieq.;NO;PIEMONTE;3019
BRINDISI;1;2019 ;Rieq.;BR;PUGLIA;85397
BROGNATURO;1;1989 ;Diss.;VV;CALABRIA;754
BROLO;2;2015 ;Diss.;ME;SICILIA;5855
BROLO;;2017 ;Diss.;ME;SICILIA;5739
BRUZZANO ZEFFIRIO;2;1989 ;Diss.;RC;CALABRIA;1862
BRUZZANO ZEFFIRIO;;2024 ;Diss.;RC;CALABRIA;1015
BUCCIANO;1;1990 ;Diss.;BN;CAMPANIA;1722
BUGNARA;1;1992 ;Diss.;AQ;ABRUZZO;1160
BUONABITACOLO;1;2017 ;Rieq.;SA;CAMPANIA;2547
BUONCONVENTO;1;2013 ;Rieq.;SI;TOSCANA;3233
BUSCEMI;1;2020 ;Diss.;SR;SICILIA;993
CACCAMO;3;2012 ;Rieq.;PA;SICILIA;8292
CACCAMO;;2014 ;Rieq.;PA;SICILIA;8267
CACCAMO;;2023 ;Diss.;PA;SICILIA;7612
CAIAZZO;1;2021 ;Rieq.;CE;CAMPANIA;5166
CAIVANO;1;2016 ;Diss.;NA;CAMPANIA;37879
CALATABIANO;1;2022 ;Diss.;CT;SICILIA;5121
CALCIANO;1;1989 ;Diss.;MT;BASILICATA;1008
CALICE AL CORNOVIGLIO;2;1991 ;Diss.;SP;LIGURIA;1290
CALICE AL CORNOVIGLIO;;2022 ;Rieq.;SP;LIGURIA;1079
CALIMERA;2;1989 ;Diss.;LE;PUGLIA;7208
CALIMERA;;2016 ;Rieq.;LE;PUGLIA;7159
CALIZZANO;1;2023 ;Rieq.;SV;LIGURIA;1439
CALOPEZZATI;2;1989 ;Diss.;CS;CALABRIA;1421
CALOPEZZATI;;2024 ;Diss.;CS;CALABRIA;1228
CALTAGIRONE;3;2013 ;Diss.;CT;SICILIA;38259
CALTAGIRONE;;2022 ;Diss.;CT;SICILIA;35765
CALTAGIRONE;;2022 ;Rieq.;CT;SICILIA;35765
CALVI;2;2014 ;Rieq.;BN;CAMPANIA;2663
CALVI;;2016 ;Diss.;BN;CAMPANIA;2682
CALVI RISORTA;2;2016 ;Diss.;CE;CAMPANIA;5707
CALVI RISORTA;;2016 ;Rieq.;CE;CAMPANIA;5707
CAMASTRA;1;2023 ;Diss.;AG;SICILIA;1992
CAMERATA NUOVA;1;2016 ;Rieq.;RM;LAZIO;447
CAMEROTA;1;2013 ;Rieq.;SA;CAMPANIA;6757
CAMIGLIANO;2;1993 ;Diss.;CE;CAMPANIA;1758
CAMIGLIANO;;2020 ;Rieq.;CE;CAMPANIA;1989
CAMINI;1;2010 ;Diss.;RC;CALABRIA;721
CAMPIONE D'ITALIA;4;2012 ;Rieq.;CO;LOMBARDIA;2140
CAMPIONE D'ITALIA;;2018 ;Diss.;CO;LOMBARDIA;1955
CAMPIONE D'ITALIA;;2018 ;Rieq.;CO;LOMBARDIA;1955
CAMPIONE D'ITALIA;;2021 ;Rieq.;CO;LOMBARDIA;1702
CAMPO TURES;1;2017 ;Rieq.;BZ;PROVINCIA DI BOLZANO;5390
CAMPOBELLO DI LICATA;1;2014 ;Rieq.;AG;SICILIA;10302
CAMPOBELLO DI MAZARA;2;2023 ;Rieq.;TP;SICILIA;11340
CAMPOBELLO DI MAZARA;;2024 ;Diss.;TP;SICILIA;11224
CAMPOFELICE DI ROCCELLA;1;2023 ;Rieq.;PA;SICILIA;7744
CAMPOLI DEL MONTE TABURNO;1;2025 ;Rieq.;BN;CAMPANIA;1677
CAMPOLIETO;1;2017 ;Rieq.;CB;MOLISE;863
CAMPOREALE;1;1990 ;Diss.;PA;SICILIA;4462
CAMPOROTONDO ETNEO;1;1994 ;Diss.;CT;SICILIA;2193
CANALE MONTERANO;1;1993 ;Diss.;RM;LAZIO;2814
CANCELLO ED ARNONE;2;2015 ;Diss.;CE;CAMPANIA;5663
CANCELLO ED ARNONE;;2018 ;Diss.;CE;CAMPANIA;5715
CANDIDA;1;1991 ;Diss.;AV;CAMPANIA;1042
CANICATTI';2;2018 ;Rieq.;AG;SICILIA;35722
CANICATTI';;2022 ;Diss.;AG;SICILIA;34449
CANICATTINI BAGNI;1;2022 ;Rieq.;SR;SICILIA;6517
CANNA;1;2023 ;Rieq.;CS;CALABRIA;609
CANTALUPO NEL SANNIO;1;1989 ;Diss.;IS;MOLISE;747
CANTERANO;1;1989 ;Diss.;RM;LAZIO;289
CAPACCIO;1;2024 ;Rieq.;SA;CAMPANIA;22412
CAPISTRANO;1;1992 ;Diss.;VV;CALABRIA;1302
CAPISTRELLO;1;2009 ;Diss.;AQ;ABRUZZO;5358
CAPIZZI;2;2023 ;Diss.;ME;SICILIA;2815
CAPIZZI;;2023 ;Rieq.;ME;SICILIA;2815
CAPO D'ORLANDO;1;2022 ;Rieq.;ME;SICILIA;13031
CAPODRISE;1;2023 ;Rieq.;CE;CAMPANIA;10030
CAPORCIANO;1;1991 ;Diss.;AQ;ABRUZZO;324
CAPUA;2;2013 ;Diss.;CE;CAMPANIA;18778
CAPUA;;2013 ;Rieq.;CE;CAMPANIA;18778
CARAFFA DI CATANZARO;2;2016 ;Rieq.;CZ;CALABRIA;1866
CARAFFA DI CATANZARO;;2020 ;Diss.;CZ;CALABRIA;1779
CARDETO;1;2018 ;Diss.;RC;CALABRIA;1562
CAREGGINE;1;1989 ;Diss.;LU;TOSCANA;711
CARERI;1;2019 ;Rieq.;RC;CALABRIA;2227
CARIATI;2;2013 ;Rieq.;CS;CALABRIA;8615
CARIATI;;2016 ;Diss.;CS;CALABRIA;8355
CARINI;2;2014 ;Rieq.;PA;SICILIA;37931
CARINI;;2016 ;Diss.;PA;SICILIA;38455
CARINOLA;2;2018 ;Rieq.;CE;CAMPANIA;7248
CARINOLA;;2022 ;Diss.;CE;CAMPANIA;7154
CARLANTINO;1;2020 ;Rieq.;FG;PUGLIA;910
CAROLEI;1;2018 ;Diss.;CS;CALABRIA;3375
CAROVIGNO;1;2019 ;Rieq.;BR;PUGLIA;17022
CARPEGNA;1;2017 ;Rieq.;PU;MARCHE;1686
CARPINETI;1;1991 ;Diss.;RE;EMILIA ROMAGNA;4026
CASABONA;1;2010 ;Diss.;KR;CALABRIA;2876
CASACANDITELLA;1;2022 ;Diss.;CH;ABRUZZO;1169
CASAL DI PRINCIPE;2;1990 ;Diss.;CE;CAMPANIA;18473
CASAL DI PRINCIPE;;2011 ;Diss.;CE;CAMPANIA;20849
CASALDUNI;3;2012 ;Rieq.;BN;CAMPANIA;1476
CASALDUNI;;2014 ;Diss.;BN;CAMPANIA;1419
CASALDUNI;;2023 ;Rieq.;BN;CAMPANIA;1178
CASALNUOVO DI NAPOLI;1;1992 ;Diss.;NA;CAMPANIA;32260
CASALUCE;1;2018 ;Rieq.;CE;CAMPANIA;9893
CASALVIERI;1;1995 ;Diss.;FR;LAZIO;3171
CASAMICCIOLA TERME;2;1993 ;Diss.;NA;CAMPANIA;6631
CASAMICCIOLA TERME;;2012 ;Rieq.;NA;CAMPANIA;8087
CASANDRINO;2;2018 ;Rieq.;NA;CAMPANIA;14125
CASANDRINO;;2019 ;Diss.;NA;CAMPANIA;13813
CASAPE;1;2022 ;Rieq.;RM;LAZIO;638
CASAPESENNA;2;1990 ;Diss.;CE;CAMPANIA;6753
CASAPESENNA;;2012 ;Diss.;CE;CAMPANIA;6651
CASARANO;2;2012 ;Rieq.;LE;PUGLIA;20461
CASARANO;;2014 ;Diss.;LE;PUGLIA;20413
CASASCO;1;1991 ;Diss.;AL;PIEMONTE;171
CASELLE LANDI;1;1991 ;Diss.;LO;LOMBARDIA;1824
CASERTA;3;2011 ;Diss.;CE;CAMPANIA;75531
CASERTA;;2016 ;Rieq.;CE;CAMPANIA;76326
CASERTA;;2018 ;Diss.;CE;CAMPANIA;75561
CASIGNANA;1;2021 ;Diss.;RC;CALABRIA;707
CASOLA DI NAPOLI;1;1990 ;Diss.;NA;CAMPANIA;3417
CASOLE D'ELSA;1;2019 ;Rieq.;SI;TOSCANA;3795
CASORIA;1;2020 ;Diss.;NA;CAMPANIA;74949
CASSANO ALLO IONIO;1;1992 ;Diss.;CS;CALABRIA;18571
CASSARO;1;2017 ;Diss.;SR;SICILIA;800
CASSINASCO;2;2023 ;Rieq.;AT;PIEMONTE;549
CASSINASCO;;2024 ;Diss.;AT;PIEMONTE;552
CASSINO;2;2013 ;Rieq.;FR;LAZIO;33703
CASSINO;;2018 ;Diss.;FR;LAZIO;36497
CASTEL CAMPAGNANO;4;1996 ;Diss.;CE;CAMPANIA;1641
CASTEL CAMPAGNANO;;2017 ;Diss.;CE;CAMPANIA;1556
CASTEL CAMPAGNANO;;2019 ;Rieq.;CE;CAMPANIA;1494
CASTEL CAMPAGNANO;;2020 ;Rieq.;CE;CAMPANIA;1502
CASTEL MADAMA;1;2023 ;Rieq.;RM;LAZIO;7047
CASTEL MORRONE;2;2019 ;Rieq.;CE;CAMPANIA;3710
CASTEL MORRONE;;2024 ;Diss.;CE;CAMPANIA;3568
CASTEL SAN LORENZO;1;1989 ;Diss.;SA;CAMPANIA;3313
CASTEL SAN VINCENZO;1;1992 ;Diss.;IS;MOLISE;590
CASTEL SANT'ANGELO;1;1995 ;Diss.;RI;LAZIO;1240
CASTEL VOLTURNO;2;2011 ;Diss.;CE;CAMPANIA;22781
CASTEL VOLTURNO;;2024 ;Rieq.;CE;CAMPANIA;30686
CASTELDACCIA;2;2016 ;Rieq.;PA;SICILIA;11685
CASTELDACCIA;;2017 ;Diss.;PA;SICILIA;11641
CASTELL'ALFERO;1;2013 ;Rieq.;AT;PIEMONTE;2771
CASTELLAMMARE DI STABIA;1;2013 ;Diss.;NA;CAMPANIA;65929
CASTELLANETA;1;2016 ;Rieq.;TA;PUGLIA;17170
CASTELLARANO;1;2013 ;Rieq.;RE;EMILIA ROMAGNA;15236
CASTELLINO DEL BIFERNO;2;2015 ;Rieq.;CB;MOLISE;556
CASTELLINO DEL BIFERNO;;2016 ;Diss.;CB;MOLISE;545
CASTELLUCCIO DEI SAURI;1;2014 ;Rieq.;FG;PUGLIA;2143
CASTELPOTO;1;1991 ;Diss.;BN;CAMPANIA;1630
CASTELTERMINI;2;2016 ;Diss.;AG;SICILIA;8267
CASTELTERMINI;;2016 ;Rieq.;AG;SICILIA;8267
CASTELVETRANO;1;2019 ;Diss.;TP;SICILIA;30806
CASTIGLION FIORENTINO;1;2011 ;Diss.;AR;TOSCANA;13174
CASTIGLIONE DI SICILIA;1;2024 ;Diss.;CT;SICILIA;2855
CASTIGLIONE OLONA;1;2015 ;Rieq.;VA;LOMBARDIA;7754
CASTRI DI LECCE;1;1989 ;Diss.;LE;PUGLIA;2977
CASTROCIELO;1;2023 ;Rieq.;FR;LAZIO;3780
CASTROFILIPPO;1;1992 ;Diss.;AG;SICILIA;3580
CASTROLIBERO;1;1995 ;Diss.;CS;CALABRIA;10290
CASTROVILLARI;2;2012 ;Rieq.;CS;CALABRIA;22504
CASTROVILLARI;;2019 ;Diss.;CS;CALABRIA;21855
CATANIA;2;2012 ;Rieq.;CT;SICILIA;293104
CATANIA;;2018 ;Diss.;CT;SICILIA;311620
CATENANUOVA;1;1999 ;Diss.;EN;SICILIA;4940
CAULONIA;3;1993 ;Diss.;RC;CALABRIA;8205
CAULONIA;;2018 ;Diss.;RC;CALABRIA;7110
CAULONIA;;2022 ;Rieq.;RC;CALABRIA;6783
CAVA DE' TIRRENI;1;2022 ;Rieq.;SA;CAMPANIA;50539
CAVALLASCA;1;2016 ;Rieq.;CO;LOMBARDIA;2973
CAVALLINO;1;1989 ;Diss.;LE;PUGLIA;8643
CAVE;1;1994 ;Diss.;RM;LAZIO;8975
CECCANO;1;2021 ;Rieq.;FR;LAZIO;22494
CEFALA' DIANA;1;2023 ;Rieq.;PA;SICILIA;976
CEFALU';2;2012 ;Rieq.;PA;SICILIA;14330
CEFALU';;2015 ;Diss.;PA;SICILIA;14452
CENADI;2;2024 ;Diss.;CZ;CALABRIA;496
CENADI;;2024 ;Rieq.;CZ;CALABRIA;496
CENTRACHE;1;2019 ;Rieq.;CZ;CALABRIA;372
CENTURIPE;1;2018 ;Rieq.;EN;SICILIA;5373
CEPPALONI;2;1990 ;Diss.;BN;CAMPANIA;3355
CEPPALONI;;2022 ;Rieq.;BN;CAMPANIA;3168
CEPRANO;1;2017 ;Rieq.;FR;LAZIO;8875
CERCEPICCOLA;1;2019 ;Rieq.;CB;MOLISE;641
CERCHIARA DI CALABRIA;2;1993 ;Diss.;CS;CALABRIA;3119
CERCHIARA DI CALABRIA;;2019 ;Diss.;CS;CALABRIA;2336
CERDA;2;2016 ;Rieq.;PA;SICILIA;5330
CERDA;;2017 ;Diss.;PA;SICILIA;5235
CERENZIA;1;1992 ;Diss.;KR;CALABRIA;1332
CERETTO LOMELLINA;1;2022 ;Diss.;PV;LOMBARDIA;184
CERISANO;3;1994 ;Diss.;CS;CALABRIA;3143
CERISANO;;2013 ;Rieq.;CS;CALABRIA;3281
CERISANO;;2014 ;Diss.;CS;CALABRIA;3259
CERRETO SANNITA;3;2013 ;Rieq.;BN;CAMPANIA;4034
CERRETO SANNITA;;2014 ;Rieq.;BN;CAMPANIA;4021
CERRETO SANNITA;;2015 ;Diss.;BN;CAMPANIA;3973
CERVICATI;1;1989 ;Diss.;CS;CALABRIA;994
CERVINO;1;1989 ;Diss.;CE;CAMPANIA;4503
CERZETO;1;1990 ;Diss.;CS;CALABRIA;2242
CESA;1;1993 ;Diss.;CE;CAMPANIA;6972
CETRARO;3;1989 ;Diss.;CS;CALABRIA;10706
CETRARO;;2021 ;Rieq.;CS;CALABRIA;9398
CETRARO;;2024 ;Diss.;CS;CALABRIA;9300
CHIANCHE;1;1994 ;Diss.;AV;CAMPANIA;698
CHIARAMONTE GULFI;3;1989 ;Diss.;RG;SICILIA;8251
CHIARAMONTE GULFI;;2023 ;Diss.;RG;SICILIA;8019
CHIARAMONTE GULFI;;2023 ;Rieq.;RG;SICILIA;8019
CHIARAVALLE CENTRALE;3;2012 ;Rieq.;CZ;CALABRIA;5863
CHIARAVALLE CENTRALE;;2014 ;Diss.;CZ;CALABRIA;5877
CHIARAVALLE CENTRALE;;2014 ;Rieq.;CZ;CALABRIA;5877
CHIETI;3;1993 ;Diss.;CH;ABRUZZO;55644
CHIETI;;2020 ;Rieq.;CH;ABRUZZO;50287
CHIETI;;2023 ;Diss.;CH;ABRUZZO;48585
CHIEUTI;1;2017 ;Diss.;FG;PUGLIA;1679
CHIOGGIA;1;1989 ;Diss.;VE;VENETO;53523
CICALA;1;2024 ;Rieq.;CZ;CALABRIA;838
CICCIANO;1;2017 ;Rieq.;NA;CAMPANIA;12898
CIMINA';1;1990 ;Diss.;RC;CALABRIA;787
CINQUEFRONDI;1;2022 ;Rieq.;RC;CALABRIA;6223
CIRO';1;2001 ;Diss.;KR;CALABRIA;3614
CIRO' MARINA;2;2012 ;Diss.;KR;CALABRIA;15099
CIRO' MARINA;;2016 ;Diss.;KR;CALABRIA;14902
CIVENNA;1;1989 ;Diss.;CO;LOMBARDIA;612
CIVITA;1;1989 ;Diss.;CS;CALABRIA;1260
CIVITALUPARELLA;2;2014 ;Rieq.;CH;ABRUZZO;359
CIVITALUPARELLA;;2015 ;Diss.;CH;ABRUZZO;358
CIVITELLA MESSER RAIMONDO;1;2015 ;Diss.;CH;ABRUZZO;866
CLETO;1;1993 ;Diss.;CS;CALABRIA;1450
COLLAGNA;1;1991 ;Diss.;RE;EMILIA ROMAGNA;1112
COLLEPIETRO;1;1991 ;Diss.;AQ;ABRUZZO;364
COLOBRARO;1;1989 ;Diss.;MT;BASILICATA;1786
COLONNA;1;1994 ;Diss.;RM;LAZIO;3197
COLOSIMI;1;2013 ;Rieq.;CS;CALABRIA;1284
COLZATE;1;2023 ;Rieq.;BG;LOMBARDIA;1619
COMISO;1;2012 ;Diss.;RG;SICILIA;29185
COMIZIANO;1;1990 ;Diss.;NA;CAMPANIA;1967
CONDOFURI;2;2019 ;Diss.;RC;CALABRIA;4919
CONDOFURI;;2019 ;Rieq.;RC;CALABRIA;4919
CONFLENTI;1;1989 ;Diss.;CZ;CALABRIA;1873
CONTIGLIANO;1;2020 ;Rieq.;RI;LAZIO;3807
CONTRONE;1;1989 ;Diss.;SA;CAMPANIA;957
CONTURSI TERME;1;2012 ;Rieq.;SA;CAMPANIA;3329
CORCHIANO;2;2016 ;Rieq.;VT;LAZIO;3869
CORCHIANO;;2017 ;Diss.;VT;LAZIO;3807
CORLEONE;1;2021 ;Rieq.;PA;SICILIA;10422
CORLETO MONFORTE;1;1989 ;Diss.;SA;CAMPANIA;904
CORNOVECCHIO;1;1992 ;Diss.;LO;LOMBARDIA;233
CORSANO;1;1989 ;Diss.;LE;PUGLIA;5137
CORTE DE' CORTESI CON CIGNONE;1;1990 ;Diss.;CR;LOMBARDIA;985
CORVARA;1;1991 ;Diss.;PE;ABRUZZO;333
COSENZA;3;2012 ;Rieq.;CS;CALABRIA;69376
COSENZA;;2019 ;Diss.;CS;CALABRIA;66102
COSENZA;;2022 ;Rieq.;CS;CALABRIA;63760
COSOLETO;1;1991 ;Diss.;RC;CALABRIA;1154
COSSERIA;1;2021 ;Rieq.;SV;LIGURIA;1052
COSTACCIARO;1;2013 ;Rieq.;PG;UMBRIA;1280
CRAVAGLIANA;1;2016 ;Diss.;VC;PIEMONTE;251
CRISPANO;1;1990 ;Diss.;NA;CAMPANIA;9803
CRISPIANO;1;2020 ;Rieq.;TA;PUGLIA;13262
CROCEFIESCHI;1;2016 ;Rieq.;GE;LIGURIA;548
CROPANI;3;2013 ;Rieq.;CZ;CALABRIA;4393
CROPANI;;2014 ;Diss.;CZ;CALABRIA;4701
CROPANI;;2014 ;Rieq.;CZ;CALABRIA;4701
CROSIA;4;1991 ;Diss.;CS;CALABRIA;8209
CROSIA;;2013 ;Rieq.;CS;CALABRIA;9638
CROSIA;;2014 ;Rieq.;CS;CALABRIA;9746
CROSIA;;2022 ;Diss.;CS;CALABRIA;9675
CRUCOLI;1;2019 ;Diss.;KR;CALABRIA;2972
CUCEGLIO;1;2017 ;Rieq.;TO;PIEMONTE;990
CUPELLO;1;2021 ;Rieq.;CH;ABRUZZO;4721
CUSTONACI;1;1989 ;Diss.;TP;SICILIA;4405
CUTIGLIANO;1;2014 ;Rieq.;PT;TOSCANA;1527
CUTRO;2;1989 ;Diss.;KR;CALABRIA;13912
CUTRO;;2015 ;Diss.;KR;CALABRIA;10533
DECOLLATURA;2;2018 ;Rieq.;CZ;CALABRIA;3163
DECOLLATURA;;2021 ;Diss.;CZ;CALABRIA;2873
DIAMANTE;2;1995 ;Diss.;CS;CALABRIA;5034
DIAMANTE;;2019 ;Rieq.;CS;CALABRIA;5164
DINAMI;1;2019 ;Diss.;VV;CALABRIA;2010
DOGLIOLA;1;1989 ;Diss.;CH;ABRUZZO;396
DOGNA;1;2013 ;Rieq.;UD;FRIULI VENEZIA GIULIA;151
DOMANICO;2;2014 ;Rieq.;CS;CALABRIA;945
DOMANICO;;2015 ;Rieq.;CS;CALABRIA;951
DOMICELLA;1;1991 ;Diss.;AV;CAMPANIA;1410
DRAGONI;3;1990 ;Diss.;CE;CAMPANIA;2175
DRAGONI;;2019 ;Rieq.;CE;CAMPANIA;2084
DRAGONI;;2020 ;Diss.;CE;CAMPANIA;2067
DURONIA;1;1989 ;Diss.;CB;MOLISE;573
EBOLI;2;1994 ;Diss.;SA;CAMPANIA;34355
EBOLI;;2012 ;Rieq.;SA;CAMPANIA;38157
ENNA;1;2005 ;Diss.;EN;SICILIA;28508
ERCOLANO;1;2020 ;Rieq.;NA;CAMPANIA;51588
FABRICA DI ROMA;1;2023 ;Rieq.;VT;LAZIO;8199
FAGGIANO;1;1991 ;Diss.;TA;PUGLIA;3526
FAGNANO CASTELLO;1;2022 ;Rieq.;CS;CALABRIA;3393
FAICCHIO;1;2013 ;Rieq.;BN;CAMPANIA;3699
FALCONARA ALBANESE;2;1989 ;Diss.;CS;CALABRIA;1417
FALCONARA ALBANESE;;2024 ;Diss.;CS;CALABRIA;1484
FALCONE;1;2024 ;Rieq.;ME;SICILIA;2803
FALERNA;1;1989 ;Diss.;CZ;CALABRIA;3488
FARA IN SABINA;1;2017 ;Rieq.;RI;LAZIO;13819
FARDELLA;1;1991 ;Diss.;PZ;BASILICATA;857
FARINDOLA;1;1989 ;Diss.;PE;ABRUZZO;2121
FAVARA;2;2015 ;Rieq.;AG;SICILIA;32942
FAVARA;;2016 ;Diss.;AG;SICILIA;32654
FELITTO;1;1991 ;Diss.;SA;CAMPANIA;1578
FEROLETO ANTICO;1;1991 ;Diss.;CZ;CALABRIA;2280
FEROLETO DELLA CHIESA;1;2014 ;Diss.;RC;CALABRIA;1730
FERRUZZANO;3;1989 ;Diss.;RC;CALABRIA;893
FERRUZZANO;;2015 ;Rieq.;RC;CALABRIA;747
FERRUZZANO;;2020 ;Diss.;RC;CALABRIA;751
FICARAZZI;1;2020 ;Diss.;PA;SICILIA;12741
FICARRA;1;2016 ;Rieq.;ME;SICILIA;1469
FIESOLE;1;2013 ;Rieq.;FI;TOSCANA;13968
FILIGNANO;1;2010 ;Diss.;IS;MOLISE;721
FILOGASO;1;1990 ;Diss.;VV;CALABRIA;1296
FIRMO;1;1990 ;Diss.;CS;CALABRIA;2666
FIUMARA;3;1989 ;Diss.;RC;CALABRIA;1429
FIUMARA;;2024 ;Diss.;RC;CALABRIA;829
FIUMARA;;2024 ;Rieq.;RC;CALABRIA;829
FIUMEFREDDO BRUZIO;1;1989 ;Diss.;CS;CALABRIA;3855
FIUMEFREDDO DI SICILIA;2;2019 ;Rieq.;CT;SICILIA;9268
FIUMEFREDDO DI SICILIA;;2021 ;Diss.;CT;SICILIA;9013
FLORIDIA;1;2021 ;Diss.;SR;SICILIA;21258
FOGGIA;1;2012 ;Rieq.;FG;PUGLIA;147045
FOLIGNO;1;1989 ;Diss.;PG;UMBRIA;53620
FOLLO;1;2018 ;Rieq.;SP;LIGURIA;6296
FOPPOLO;2;2018 ;Rieq.;BG;LOMBARDIA;185
FOPPOLO;;2020 ;Diss.;BG;LOMBARDIA;187
FORCE;1;1989 ;Diss.;AP;MARCHE;1658
FORCHIA;1;2025 ;Rieq.;BN;CAMPANIA;1186
FORINO;1;1991 ;Diss.;AV;CAMPANIA;4799
FORIO;1;1991 ;Diss.;NA;CAMPANIA;11526
FORLI' DEL SANNIO;1;1990 ;Diss.;IS;MOLISE;909
FORMICOLA;1;1993 ;Diss.;CE;CAMPANIA;1565
FORZA D'AGRO';1;2024 ;Rieq.;ME;SICILIA;931
FRAGNETO L'ABATE;1;2017 ;Diss.;BN;CAMPANIA;1034
FRANCAVILLA DI SICILIA;1;2022 ;Rieq.;ME;SICILIA;3543
FRANCAVILLA MARITTIMA;2;1989 ;Diss.;CS;CALABRIA;3163
FRANCAVILLA MARITTIMA;;2022 ;Rieq.;CS;CALABRIA;2773
FRASCATI;2;2019 ;Rieq.;RM;LAZIO;22091
FRASCATI;;2022 ;Diss.;RM;LAZIO;22794
FRASCINETO;1;1989 ;Diss.;CS;CALABRIA;2519
FRATTAMINORE;1;1994 ;Diss.;NA;CAMPANIA;14352
FRATTE ROSA;2;2016 ;Rieq.;PU;MARCHE;966
FRATTE ROSA;;2019 ;Diss.;PU;MARCHE;941
FRESAGRANDINARIA;1;1995 ;Diss.;CH;ABRUZZO;1279
FRIGNANO;2;1990 ;Diss.;CE;CAMPANIA;8567
FRIGNANO;;2022 ;Diss.;CE;CAMPANIA;8944
FRONTONE;1;1991 ;Diss.;PU;MARCHE;1300
FROSINONE;1;2013 ;Rieq.;FR;LAZIO;46279
FUSCALDO;1;2011 ;Diss.;CS;CALABRIA;8058
GAGLIANO DEL CAPO;1;1990 ;Diss.;LE;PUGLIA;5593
GAGLIATO;1;1989 ;Diss.;CZ;CALABRIA;650
GALATI MAMERTINO;1;2017 ;Rieq.;ME;SICILIA;2581
GALATINA;1;2016 ;Rieq.;LE;PUGLIA;27109
GALLIAVOLA;1;1991 ;Diss.;PV;LOMBARDIA;204
GALLICANO NEL LAZIO;1;2023 ;Rieq.;RM;LAZIO;6492
GALLICCHIO;1;1991 ;Diss.;PZ;BASILICATA;1130
GALLIPOLI;1;1991 ;Diss.;LE;PUGLIA;20090
GALLODORO;1;2005 ;Diss.;ME;SICILIA;393
GARAGUSO;1;2017 ;Rieq.;MT;BASILICATA;1055
GASPERINA;1;2013 ;Diss.;CZ;CALABRIA;2136
GAVAZZANA;1;1989 ;Diss.;AL;PIEMONTE;64
GELA;2;2023 ;Diss.;CL;SICILIA;70811
GELA;;2023 ;Rieq.;CL;SICILIA;70811
GENAZZANO;2;2022 ;Rieq.;RM;LAZIO;5614
GENAZZANO;;2023 ;Diss.;RM;LAZIO;5669
GENZANO DI ROMA;1;1989 ;Diss.;RM;LAZIO;19436
GERACE;1;1990 ;Diss.;RC;CALABRIA;3038
GHEMME;1;2016 ;Rieq.;NO;PIEMONTE;3656
GIARDINI-NAXOS;2;1995 ;Diss.;ME;SICILIA;8742
GIARDINI-NAXOS;;2013 ;Rieq.;ME;SICILIA;9315
GIARRATANA;1;2025 ;Rieq.;RG;SICILIA;3038
GIARRE;2;2012 ;Rieq.;CT;SICILIA;28131
GIARRE;;2018 ;Diss.;CT;SICILIA;27546
GIBELLINA;1;1994 ;Diss.;TP;SICILIA;4980
GIFFONE;1;2018 ;Rieq.;RC;CALABRIA;1811
GINESTRA DEGLI SCHIAVONI;1;1991 ;Diss.;BN;CAMPANIA;712
GIOIA SANNITICA;2;2020 ;Rieq.;CE;CAMPANIA;3452
GIOIA SANNITICA;;2023 ;Diss.;CE;CAMPANIA;3252
GIOIA TAURO;1;2017 ;Diss.;RC;CALABRIA;19970
GIOIOSA IONICA;1;2022 ;Rieq.;RC;CALABRIA;6862
GIUGGIANELLO;1;1989 ;Diss.;LE;PUGLIA;1217
GIULIANO DI ROMA;2;1990 ;Diss.;FR;LAZIO;2173
GIULIANO DI ROMA;;2024 ;Rieq.;FR;LAZIO;2297
GIURDIGNANO;1;1992 ;Diss.;LE;PUGLIA;1748
GORGA;1;1993 ;Diss.;RM;LAZIO;809
GORIANO SICOLI;1;1989 ;Diss.;AQ;ABRUZZO;657
GRAGNANO;1;1990 ;Diss.;NA;CAMPANIA;28617
GRANITI;2;2022 ;Diss.;ME;SICILIA;1460
GRANITI;;2022 ;Rieq.;ME;SICILIA;1460
GRIMALDI;2;2013 ;Rieq.;CS;CALABRIA;1714
GRIMALDI;;2015 ;Diss.;CS;CALABRIA;1697
GRISOLIA;2;1993 ;Diss.;CS;CALABRIA;2466
GRISOLIA;;2024 ;Rieq.;CS;CALABRIA;2174
GROTTAMINARDA;1;2023 ;Rieq.;AV;CAMPANIA;7634
GROTTERIA;1;2023 ;Diss.;RC;CALABRIA;2838
GROTTOLE;1;1993 ;Diss.;MT;BASILICATA;2908
GRUMO APPULA;2;2016 ;Rieq.;BA;PUGLIA;12961
GRUMO APPULA;;2020 ;Diss.;BA;PUGLIA;12378
GRUMO NEVANO;2;2019 ;Rieq.;NA;CAMPANIA;17712
GRUMO NEVANO;;2020 ;Diss.;NA;CAMPANIA;17660
GUAGNANO;1;1989 ;Diss.;LE;PUGLIA;6627
GUALTIERI SICAMINO';2;2021 ;Rieq.;ME;SICILIA;1584
GUALTIERI SICAMINO';;2022 ;Diss.;ME;SICILIA;1580
GUARDAVALLE;2;1990 ;Diss.;CZ;CALABRIA;5719
GUARDAVALLE;;2013 ;Rieq.;CZ;CALABRIA;4701
GUARDIA PIEMONTESE;2;1991 ;Diss.;CS;CALABRIA;1630
GUARDIA PIEMONTESE;;2024 ;Rieq.;CS;CALABRIA;1755
GUARDIAGRELE;1;2021 ;Diss.;CH;ABRUZZO;8566
GUAZZORA;1;2023 ;Rieq.;AL;PIEMONTE;281
GUIDONIA MONTECELIO;2;1993 ;Diss.;RM;LAZIO;58926
GUIDONIA MONTECELIO;;2016 ;Rieq.;RM;LAZIO;88673
IMPERIA;1;2018 ;Rieq.;IM;LIGURIA;42318
INCUDINE;1;1991 ;Diss.;BS;LOMBARDIA;478
INTRODACQUA;1;2018 ;Rieq.;AQ;ABRUZZO;2101
INVERIGO;1;2016 ;Rieq.;CO;LOMBARDIA;9136
ISCA SULLO IONIO;2;1991 ;Diss.;CZ;CALABRIA;1708
ISCA SULLO IONIO;;2023 ;Rieq.;CZ;CALABRIA;1471
ISCHIA;1;1993 ;Diss.;NA;CAMPANIA;16278
ISOLA DELLE FEMMINE;1;2023 ;Diss.;PA;SICILIA;7039
ISOLA DI CAPO RIZZUTO;1;1989 ;Diss.;KR;CALABRIA;13171
ISPICA;4;2012 ;Rieq.;RG;SICILIA;15133
ISPICA;;2013 ;Diss.;RG;SICILIA;15317
ISPICA;;2020 ;Diss.;RG;SICILIA;16088
ISPICA;;2020 ;Rieq.;RG;SICILIA;16088
ITALA;2;2013 ;Rieq.;ME;SICILIA;1647
ITALA;;2021 ;Diss.;ME;SICILIA;1474
JACURSO;2;1991 ;Diss.;CZ;CALABRIA;924
JACURSO;;2017 ;Rieq.;CZ;CALABRIA;623
JOLANDA DI SAVOIA;1;2018 ;Rieq.;FE;EMILIA ROMAGNA;2838
JOPPOLO;2;2019 ;Rieq.;VV;CALABRIA;1836
JOPPOLO;;2022 ;Diss.;VV;CALABRIA;1635
LABICO;1;2013 ;Rieq.;RM;LAZIO;6154
LACCO AMENO;2;1993 ;Diss.;NA;CAMPANIA;4056
LACCO AMENO;;2015 ;Diss.;NA;CAMPANIA;4830
LAGONEGRO;3;2013 ;Rieq.;PZ;BASILICATA;5685
LAGONEGRO;;2015 ;Rieq.;PZ;BASILICATA;5614
LAGONEGRO;;2016 ;Diss.;PZ;BASILICATA;5584
LAINO CASTELLO;1;1994 ;Diss.;CS;CALABRIA;962
LAMEZIA TERME;2;2014 ;Rieq.;CZ;CALABRIA;70452
LAMEZIA TERME;;2014 ;Rieq.;CZ;CALABRIA;70452
LAPPANO;1;1990 ;Diss.;CS;CALABRIA;905
LARDIRAGO;1;2019 ;Rieq.;PV;LOMBARDIA;1165
LAURINO;1;1993 ;Diss.;SA;CAMPANIA;2242
LAURO;2;1992 ;Diss.;AV;CAMPANIA;3892
LAURO;;2010 ;Diss.;AV;CAMPANIA;3613
LAVAGNA;2;2017 ;Rieq.;GE;LIGURIA;12692
LAVAGNA;;2019 ;Diss.;GE;LIGURIA;12460
LAVENA PONTE TRESA;1;2022 ;Rieq.;VA;LOMBARDIA;5603
LECCE;1;2018 ;Rieq.;LE;PUGLIA;95441
LECCE NEI MARSI;1;1989 ;Diss.;AQ;ABRUZZO;1615
LENTINI;1;2015 ;Diss.;SR;SICILIA;24301
LEONFORTE;2;2014 ;Rieq.;EN;SICILIA;13727
LEONFORTE;;2020 ;Diss.;EN;SICILIA;12818
LEPORANO;1;1991 ;Diss.;TA;PUGLIA;5221
LEQUILE;1;1992 ;Diss.;LE;PUGLIA;7646
LETTERE;1;2022 ;Rieq.;NA;CAMPANIA;6024
LIBRIZZI;1;2019 ;Rieq.;ME;SICILIA;1610
LICATA;2;2021 ;Rieq.;AG;SICILIA;34341
LICATA;;2024 ;Diss.;AG;SICILIA;34087
LIGONCHIO;1;1990 ;Diss.;RE;EMILIA ROMAGNA;1155
LIMATOLA;2;1993 ;Diss.;BN;CAMPANIA;3532
LIMATOLA;;2021 ;Rieq.;BN;CAMPANIA;4080
LIMBADI;1;1990 ;Diss.;VV;CALABRIA;3651
LINGUAGLOSSA;2;1995 ;Diss.;CT;SICILIA;5472
LINGUAGLOSSA;;2017 ;Rieq.;CT;SICILIA;5357
LIVERI;1;1992 ;Diss.;NA;CAMPANIA;1870
LIZZANELLO;1;2015 ;Rieq.;LE;PUGLIA;11806
LIZZANO;1;2016 ;Rieq.;TA;PUGLIA;10125
LOCRI;3;2012 ;Rieq.;RC;CALABRIA;12440
LOCRI;;2015 ;Rieq.;RC;CALABRIA;12548
LOCRI;;2017 ;Diss.;RC;CALABRIA;12467
LONGOBARDI;3;1994 ;Diss.;CS;CALABRIA;2327
LONGOBARDI;;2012 ;Rieq.;CS;CALABRIA;2248
LONGOBARDI;;2014 ;Rieq.;CS;CALABRIA;2282
LUCERA;2;2014 ;Rieq.;FG;PUGLIA;33969
LUCERA;;2019 ;Diss.;FG;PUGLIA;32596
LUNGRO;2;1989 ;Diss.;CS;CALABRIA;3245
LUNGRO;;2008 ;Diss.;CS;CALABRIA;2783
LUOGOSANO;1;2021 ;Diss.;AV;CAMPANIA;1095
LUSCIANO;1;2024 ;Diss.;CE;CAMPANIA;16275
MACCHIA D'ISERNIA;1;1991 ;Diss.;IS;MOLISE;963
MACCHIA VALFORTORE;1;1989 ;Diss.;CB;MOLISE;912
MADDALONI;1;2012 ;Diss.;CE;CAMPANIA;39418
MAGISANO;1;2025 ;Diss.;CZ;CALABRIA;1057
MAGLIANO ROMANO;1;2019 ;Diss.;RM;LAZIO;1445
MAGLIANO VETERE;1;1989 ;Diss.;SA;CAMPANIA;987
MAISSANA;1;2020 ;Rieq.;SP;LIGURIA;614
MALTIGNANO;1;2003 ;Diss.;AP;MARCHE;2374
MALVAGNA;2;2021 ;Rieq.;ME;SICILIA;638
MALVAGNA;;2022 ;Diss.;ME;SICILIA;629
MALVITO;2;2022 ;Rieq.;CS;CALABRIA;1604
MALVITO;;2025 ;Diss.;CS;CALABRIA;1598
MANDATORICCIO;2;1990 ;Diss.;CS;CALABRIA;3293
MANDATORICCIO;;2018 ;Diss.;CS;CALABRIA;2765
MANERBIO;1;2013 ;Rieq.;BS;LOMBARDIA;12808
MANFREDONIA;1;2018 ;Rieq.;FG;PUGLIA;56906
MANIACE;1;2021 ;Diss.;CT;SICILIA;3753
MARANO DI NAPOLI;4;1991 ;Diss.;NA;CAMPANIA;47961
MARANO DI NAPOLI;;2014 ;Rieq.;NA;CAMPANIA;59470
MARANO DI NAPOLI;;2018 ;Diss.;NA;CAMPANIA;59862
MARANO DI NAPOLI;;2021 ;Rieq.;NA;CAMPANIA;57514
MARANO EQUO;1;1992 ;Diss.;RM;LAZIO;811
MARCETELLI;1;1998 ;Diss.;RI;LAZIO;137
MARCHIROLO;1;1998 ;Diss.;VA;LOMBARDIA;3120
MARGHERITA DI SAVOIA;1;2017 ;Rieq.;BT;PUGLIA;11855
MARIGLIANELLA;2;2021 ;Rieq.;NA;CAMPANIA;7778
MARIGLIANELLA;;2022 ;Diss.;NA;CAMPANIA;7824
MARINA DI GIOIOSA IONICA;1;2023 ;Rieq.;RC;CALABRIA;6304
MARINEO;1;2019 ;Diss.;PA;SICILIA;6384
MARTIGNANA DI PO;1;2017 ;Rieq.;CR;LOMBARDIA;2017
MARTIRANO LOMBARDO;2;1991 ;Diss.;CZ;CALABRIA;1641
MARTIRANO LOMBARDO;;2023 ;Rieq.;CZ;CALABRIA;948
MARTONE;1;1989 ;Diss.;RC;CALABRIA;697
MARZANO APPIO;1;2023 ;Rieq.;CE;CAMPANIA;1958
MARZI;1;2023 ;Rieq.;CS;CALABRIA;980
MASCALI;1;1994 ;Diss.;CT;SICILIA;9914
MASCHITO;1;1994 ;Diss.;PZ;BASILICATA;1896
MASSAROSA;2;2019 ;Diss.;LU;TOSCANA;21696
MASSAROSA;;2019 ;Rieq.;LU;TOSCANA;21696
MAZZARINO;1;2023 ;Diss.;CL;SICILIA;10827
MAZZARRA' SANT'ANDREA;1;2017 ;Diss.;ME;SICILIA;1507
MAZZARRONE;1;2016 ;Rieq.;CT;SICILIA;4078
MELISSANO;4;1990 ;Diss.;LE;PUGLIA;7087
MELISSANO;;2013 ;Rieq.;LE;PUGLIA;7338
MELISSANO;;2014 ;Rieq.;LE;PUGLIA;7288
MELISSANO;;2016 ;Diss.;LE;PUGLIA;7178
MELITO DI NAPOLI;2;2018 ;Rieq.;NA;CAMPANIA;37943
MELITO DI NAPOLI;;2019 ;Diss.;NA;CAMPANIA;35951
MELITO DI PORTO SALVO;2;2019 ;Rieq.;RC;CALABRIA;11017
MELITO DI PORTO SALVO;;2020 ;Diss.;RC;CALABRIA;10782
MELIZZANO;1;1996 ;Diss.;BN;CAMPANIA;1918
MELPIGNANO;1;1990 ;Diss.;LE;PUGLIA;2077
MENDICINO;1;2024 ;Diss.;CS;CALABRIA;8948
MENFI;2;2023 ;Rieq.;AG;SICILIA;11817
MENFI;;2024 ;Diss.;AG;SICILIA;11753
MENTANA;2;2007 ;Diss.;RM;LAZIO;18578
MENTANA;;2022 ;Rieq.;RM;LAZIO;22544
MERCATO SAN SEVERINO;1;2016 ;Rieq.;SA;CAMPANIA;22322
MESSINA;2;2012 ;Rieq.;ME;SICILIA;242914
MESSINA;;2014 ;Rieq.;ME;SICILIA;241997
MIGGIANO;1;1989 ;Diss.;LE;PUGLIA;3616
MIGLIERINA;1;1989 ;Diss.;CZ;CALABRIA;1007
MIGNANO MONTE LUNGO;1;1994 ;Diss.;CE;CAMPANIA;3303
MILAZZO;3;2012 ;Rieq.;ME;SICILIA;32092
MILAZZO;;2016 ;Diss.;ME;SICILIA;31646
MILAZZO;;2016 ;Rieq.;ME;SICILIA;31646
MILITELLO IN VAL DI CATANIA;1;2023 ;Rieq.;CT;SICILIA;6729
MILITELLO ROSMARINO;1;2021 ;Diss.;ME;SICILIA;1174
MILO;2;2022 ;Rieq.;CT;SICILIA;1039
MILO;;2023 ;Diss.;CT;SICILIA;1022
MINTURNO;2;1990 ;Diss.;LT;LAZIO;17212
MINTURNO;;2016 ;Rieq.;LT;LAZIO;19783
MIRABELLA ECLANO;1;2025 ;Rieq.;AV;CAMPANIA;6658
MIRABELLA IMBACCARI;2;2013 ;Rieq.;CT;SICILIA;5118
MIRABELLA IMBACCARI;;2015 ;Diss.;CT;SICILIA;4981
MIRANDA;1;2015 ;Rieq.;IS;MOLISE;1066
MODICA;2;2012 ;Rieq.;RG;SICILIA;53946
MODICA;;2025 ;Diss.;RG;SICILIA;53413
MOIO ALCANTARA;1;2023 ;Diss.;ME;SICILIA;686
MOLINARA;2;2018 ;Rieq.;BN;CAMPANIA;1593
MOLINARA;;2024 ;Diss.;BN;CAMPANIA;1420
MOLISE;1;1989 ;Diss.;CB;MOLISE;143
MOLITERNO;1;1992 ;Diss.;PZ;BASILICATA;5012
MOMBAROCCIO;1;2014 ;Rieq.;PU;MARCHE;2141
MONASTERACE;3;1992 ;Diss.;RC;CALABRIA;3500
MONASTERACE;;2012 ;Rieq.;RC;CALABRIA;3317
MONASTERACE;;2013 ;Diss.;RC;CALABRIA;3429
MONCHIO DELLE CORTI;1;1996 ;Diss.;PR;EMILIA ROMAGNA;1302
MONDRAGONE;2;2022 ;Rieq.;CE;CAMPANIA;28622
MONDRAGONE;;2025 ;Diss.;CE;CAMPANIA;28462
MONFORTE SAN GIORGIO;2;2020 ;Rieq.;ME;SICILIA;2618
MONFORTE SAN GIORGIO;;2024 ;Diss.;ME;SICILIA;2434
MONGIARDINO LIGURE;2;2019 ;Rieq.;AL;PIEMONTE;158
MONGIARDINO LIGURE;;2021 ;Diss.;AL;PIEMONTE;154
MONREALE;2;2012 ;Rieq.;PA;SICILIA;38068
MONREALE;;2018 ;Diss.;PA;SICILIA;39047
MONTALBANO JONICO;1;2016 ;Rieq.;MT;BASILICATA;7357
MONTALTO UFFUGO;1;2015 ;Rieq.;CS;CALABRIA;19517
MONTE DI PROCIDA;1;1989 ;Diss.;NA;CAMPANIA;12311
MONTE PORZIO;1;2019 ;Rieq.;PU;MARCHE;2825
MONTE PORZIO CATONE;1;2018 ;Diss.;RM;LAZIO;8718
MONTE SAN BIAGIO;1;2022 ;Rieq.;LT;LAZIO;6044
MONTE SAN PIETRANGELI;1;2016 ;Rieq.;FM;MARCHE;2458
MONTECALVO IRPINO;1;2009 ;Diss.;AV;CAMPANIA;4009
MONTECORVINO PUGLIANO;3;1992 ;Diss.;SA;CAMPANIA;4456
MONTECORVINO PUGLIANO;;2016 ;Diss.;SA;CAMPANIA;10701
MONTECORVINO PUGLIANO;;2019 ;Rieq.;SA;CAMPANIA;10916
MONTEFALCO;1;2021 ;Rieq.;PG;UMBRIA;5410
MONTEFORTE CILENTO;1;1989 ;Diss.;SA;CAMPANIA;598
MONTEFORTE IRPINO;2;2023 ;Rieq.;AV;CAMPANIA;11438
MONTEFORTE IRPINO;;2024 ;Rieq.;AV;CAMPANIA;11417
MONTEGIORDANO;1;1989 ;Diss.;CS;CALABRIA;2623
MONTEIASI;1;1990 ;Diss.;TA;PUGLIA;5257
MONTELANICO;2;2023 ;Diss.;RM;LAZIO;2030
MONTELANICO;;2023 ;Rieq.;RM;LAZIO;2030
MONTEMESOLA;2;1991 ;Diss.;TA;PUGLIA;4422
MONTEMESOLA;;2014 ;Rieq.;TA;PUGLIA;4035
MONTEMILETTO;1;2018 ;Diss.;AV;CAMPANIA;5288
MONTEMITRO;1;2020 ;Rieq.;CB;MOLISE;327
MONTEPAONE;1;2019 ;Rieq.;CZ;CALABRIA;5444
MONTEPARANO;3;1991 ;Diss.;TA;PUGLIA;2551
MONTEPARANO;;2015 ;Rieq.;TA;PUGLIA;2432
MONTEPARANO;;2017 ;Diss.;TA;PUGLIA;2403
MONTERENZIO;1;2019 ;Rieq.;BO;EMILIA ROMAGNA;6163
MONTERODUNI;1;2018 ;Rieq.;IS;MOLISE;2135
MONTERONI D'ARBIA;1;1989 ;Diss.;SI;TOSCANA;6310
MONTEROSSO ALMO;2;2017 ;Rieq.;RG;SICILIA;2995
MONTEROSSO ALMO;;2025 ;Diss.;RG;SICILIA;2734
MONTESANO SALENTINO;1;1989 ;Diss.;LE;PUGLIA;2556
MONTESCAGLIOSO;2;2013 ;Rieq.;MT;BASILICATA;10092
MONTESCAGLIOSO;;2017 ;Diss.;MT;BASILICATA;9940
MONTOPOLI DI SABINA;1;2015 ;Rieq.;RI;LAZIO;4229
MONTORIO ROMANO;1;1993 ;Diss.;RM;LAZIO;1872
MONTORO;1;2024 ;Rieq.;AV;CAMPANIA;19424
MORCONE;1;1994 ;Diss.;BN;CAMPANIA;6469
MORESCO;1;1989 ;Diss.;FM;MARCHE;504
MORMANNO;1;1989 ;Diss.;CS;CALABRIA;4169
MOROLO;2;2019 ;Diss.;FR;LAZIO;3227
MOROLO;;2019 ;Rieq.;FR;LAZIO;3227
MORRO REATINO;1;2020 ;Rieq.;RI;LAZIO;351
MOSCHIANO;1;2006 ;Diss.;AV;CAMPANIA;1750
MOTTA CAMASTRA;1;2013 ;Rieq.;ME;SICILIA;864
MOTTA SAN GIOVANNI;2;2013 ;Rieq.;RC;CALABRIA;6124
MOTTA SAN GIOVANNI;;2019 ;Diss.;RC;CALABRIA;5862
MOZZATE;1;2014 ;Rieq.;CO;LOMBARDIA;8749
MURO LUCANO;1;2017 ;Diss.;PZ;BASILICATA;5395
MUSSOMELI;3;2015 ;Rieq.;CL;SICILIA;10820
MUSSOMELI;;2016 ;Diss.;CL;SICILIA;10780
MUSSOMELI;;2024 ;Rieq.;CL;SICILIA;9822
NAPOLI;2;1993 ;Diss.;NA;CAMPANIA;1059984
NAPOLI;;2012 ;Rieq.;NA;CAMPANIA;961106
NARDODIPACE;1;2012 ;Diss.;VV;CALABRIA;1377
NARO;2;2021 ;Rieq.;AG;SICILIA;6977
NARO;;2022 ;Diss.;AG;SICILIA;7007
NESSO;1;2014 ;Rieq.;CO;LOMBARDIA;1243
NEVIANO;1;2024 ;Rieq.;LE;PUGLIA;4815
NICOTERA;2;1989 ;Diss.;VV;CALABRIA;7261
NICOTERA;;2018 ;Diss.;VV;CALABRIA;6155
NISCEMI;2;2019 ;Rieq.;CL;SICILIA;26247
NISCEMI;;2023 ;Diss.;CL;SICILIA;24810
NISSORIA;1;2021 ;Rieq.;EN;SICILIA;2821
NOCERA INFERIORE;2;1990 ;Diss.;SA;CAMPANIA;49274
NOCERA INFERIORE;;2013 ;Rieq.;SA;CAMPANIA;46276
NOCERA TERINESE;3;2013 ;Rieq.;CZ;CALABRIA;4696
NOCERA TERINESE;;2014 ;Rieq.;CZ;CALABRIA;4753
NOCERA TERINESE;;2016 ;Diss.;CZ;CALABRIA;4731
NOEPOLI;1;2020 ;Rieq.;PZ;BASILICATA;789
NOLA;2;2018 ;Rieq.;NA;CAMPANIA;34467
NOLA;;2019 ;Diss.;NA;CAMPANIA;34146
NOTO;1;2022 ;Diss.;SR;SICILIA;24264
NOVA SIRI;1;2013 ;Rieq.;MT;BASILICATA;6689
OFENA;1;2021 ;Rieq.;AQ;ABRUZZO;417
OFFAGNA;2;2015 ;Rieq.;AN;MARCHE;1936
OFFAGNA;;2016 ;Diss.;AN;MARCHE;1935
OLBIA;1;1989 ;Diss.;SS;SARDEGNA;38944
OLCENENGO;1;2021 ;Rieq.;VC;PIEMONTE;786
OLEVANO ROMANO;1;2020 ;Rieq.;RM;LAZIO;6537
OLIVADI;1;1991 ;Diss.;CZ;CALABRIA;829
OLIVERI;2;2022 ;Rieq.;ME;SICILIA;2086
OLIVERI;;2023 ;Diss.;ME;SICILIA;2187
OLIVETO LUCANO;1;1989 ;Diss.;MT;BASILICATA;700
ORIOLO;1;1994 ;Diss.;CS;CALABRIA;3152
ORTA DI ATELLA;3;2015 ;Diss.;CE;CAMPANIA;26997
ORTA DI ATELLA;;2020 ;Rieq.;CE;CAMPANIA;27555
ORTA DI ATELLA;;2023 ;Diss.;CE;CAMPANIA;27332
ORVIETO;1;2013 ;Rieq.;TR;UMBRIA;21048
ORVINIO;1;2021 ;Rieq.;RI;LAZIO;393
OSSAGO LODIGIANO;1;1990 ;Diss.;LO;LOMBARDIA;934
OTRICOLI;1;1990 ;Diss.;TR;UMBRIA;1721
OTTATI;1;1992 ;Diss.;SA;CAMPANIA;993
OTTAVIANO;1;1993 ;Diss.;NA;CAMPANIA;22155
PACE DEL MELA;2;2023 ;Rieq.;ME;SICILIA;5956
PACE DEL MELA;;2024 ;Diss.;ME;SICILIA;5969
PACENTRO;2;2013 ;Diss.;AQ;ABRUZZO;1186
PACENTRO;;2013 ;Rieq.;AQ;ABRUZZO;1186
PACHINO;2;2017 ;Rieq.;SR;SICILIA;22263
PACHINO;;2019 ;Diss.;SR;SICILIA;21472
PAGANI;2;2013 ;Rieq.;SA;CAMPANIA;34500
PAGANI;;2019 ;Diss.;SA;CAMPANIA;35194
PAGAZZANO;1;2024 ;Rieq.;BG;LOMBARDIA;2205
PAGO DEL VALLO DI LAURO;1;1994 ;Diss.;AV;CAMPANIA;1719
PALADINA;1;1992 ;Diss.;BG;LOMBARDIA;3110
PALAGIANELLO;1;1995 ;Diss.;TA;PUGLIA;7264
PALAGONIA;5;1994 ;Diss.;CT;SICILIA;15805
PALAGONIA;;2013 ;Rieq.;CT;SICILIA;16596
PALAGONIA;;2014 ;Diss.;CT;SICILIA;16609
PALAGONIA;;2019 ;Rieq.;CT;SICILIA;16349
PALAGONIA;;2021 ;Diss.;CT;SICILIA;15649
PALAZZO CANAVESE;1;2021 ;Rieq.;TO;PIEMONTE;837
PALAZZO SAN GERVASIO;2;1989 ;Diss.;PZ;BASILICATA;6384
PALAZZO SAN GERVASIO;;2021 ;Rieq.;PZ;BASILICATA;4489
PALERMITI;1;1989 ;Diss.;CZ;CALABRIA;1458
PALERMO;1;2021 ;Rieq.;PA;SICILIA;647422
PALIZZI;1;2020 ;Diss.;RC;CALABRIA;2201
PALLAGORIO;1;1990 ;Diss.;KR;CALABRIA;1796
PALMARIGGI;1;1990 ;Diss.;LE;PUGLIA;1564
PALOMBARA SABINA;2;1993 ;Diss.;RM;LAZIO;9164
PALOMBARA SABINA;;2023 ;Rieq.;RM;LAZIO;12997
PALOMBARO;2;2019 ;Rieq.;CH;ABRUZZO;973
PALOMBARO;;2020 ;Diss.;CH;ABRUZZO;960
PANETTIERI;1;1989 ;Diss.;CS;CALABRIA;327
PANNARANO;1;1989 ;Diss.;BN;CAMPANIA;2024
PANNI;1;2021 ;Rieq.;FG;PUGLIA;741
PAOLA;3;1993 ;Diss.;CS;CALABRIA;16941
PAOLA;;2012 ;Diss.;CS;CALABRIA;16389
PAOLA;;2023 ;Rieq.;CS;CALABRIA;14791
PAOLISI;4;2019 ;Diss.;BN;CAMPANIA;2063
PAOLISI;;2019 ;Rieq.;BN;CAMPANIA;2063
PAOLISI;;2021 ;Rieq.;BN;CAMPANIA;2000
PAOLISI;;2022 ;Diss.;BN;CAMPANIA;1965
PARETE;1;1990 ;Diss.;CE;CAMPANIA;8672
PARTINICO;2;2018 ;Diss.;PA;SICILIA;31786
PARTINICO;;2018 ;Rieq.;PA;SICILIA;31786
PASTENA;1;2012 ;Diss.;FR;LAZIO;1522
PATERNO';1;2021 ;Rieq.;CT;SICILIA;46202
PATERNOPOLI;1;2006 ;Diss.;AV;CAMPANIA;2607
PATRICA;1;2022 ;Rieq.;FR;LAZIO;3071
PATTI;1;2021 ;Rieq.;ME;SICILIA;12727
PAULLO;1;2015 ;Rieq.;MI;LOMBARDIA;11334
PAUPISI;1;1990 ;Diss.;BN;CAMPANIA;1714
PEDACE;1;1990 ;Diss.;CS;CALABRIA;2239
PEDARA;2;2022 ;Diss.;CT;SICILIA;15058
PEDARA;;2022 ;Rieq.;CT;SICILIA;15058
PEDASO;1;1993 ;Diss.;FM;MARCHE;1968
PEDIVIGLIANO;1;1991 ;Diss.;CS;CALABRIA;1054
PERTOSA;2;1997 ;Diss.;SA;CAMPANIA;824
PERTOSA;;2018 ;Rieq.;SA;CAMPANIA;683
PESCARA;1;2014 ;Rieq.;PE;ABRUZZO;121325
PESCHICI;1;2014 ;Rieq.;FG;PUGLIA;4575
PESCIA;1;2013 ;Rieq.;PT;TOSCANA;19420
PESCOPAGANO;1;1995 ;Diss.;PZ;BASILICATA;2305
PESCOPENNATARO;1;2021 ;Rieq.;IS;MOLISE;233
PESCOSOLIDO;1;2019 ;Rieq.;FR;LAZIO;1482
PETILIA POLICASTRO;1;1991 ;Diss.;KR;CALABRIA;10473
PETINA;1;2017 ;Rieq.;SA;CAMPANIA;1147
PETRELLA SALTO;1;1995 ;Diss.;RI;LAZIO;1501
PETRIZZI;1;1989 ;Diss.;CZ;CALABRIA;1431
PETROSINO;2;2022 ;Rieq.;TP;SICILIA;7903
PETROSINO;;2023 ;Diss.;TP;SICILIA;7907
PETTORANO SUL GIZIO;1;1991 ;Diss.;AQ;ABRUZZO;1293
PIANA DEGLI ALBANESI;1;2015 ;Rieq.;PA;SICILIA;6286
PIANA DI MONTE VERNA;1;2014 ;Diss.;CE;CAMPANIA;2354
PIAZZA ARMERINA;2;2019 ;Rieq.;EN;SICILIA;21188
PIAZZA ARMERINA;;2020 ;Diss.;EN;SICILIA;21043
PICO;1;2009 ;Diss.;FR;LAZIO;3082
PIEDIMONTE MATESE;1;2019 ;Diss.;CE;CAMPANIA;10753
PIETRADEFUSI;2;2022 ;Diss.;AV;CAMPANIA;1916
PIETRADEFUSI;;2023 ;Diss.;AV;CAMPANIA;1948
PIETRAFERRAZZANA;1;1989 ;Diss.;CH;ABRUZZO;103
PIETRAMELARA;1;2019 ;Rieq.;CE;CAMPANIA;4594
PIETRAPAOLA;3;1989 ;Diss.;CS;CALABRIA;1417
PIETRAPAOLA;;2019 ;Rieq.;CS;CALABRIA;1063
PIETRAPAOLA;;2023 ;Diss.;CS;CALABRIA;1024
PIETRASANTA;1;2016 ;Rieq.;LU;TOSCANA;24007
PIETRASTORNINA;2;2018 ;Rieq.;AV;CAMPANIA;1532
PIETRASTORNINA;;2020 ;Diss.;AV;CAMPANIA;1465
PIETRAVAIRANO;1;2024 ;Diss.;CE;CAMPANIA;2812
PIGNATARO INTERAMNA;3;2005 ;Diss.;FR;LAZIO;2495
PIGNATARO INTERAMNA;;2017 ;Rieq.;FR;LAZIO;2570
PIGNATARO INTERAMNA;;2018 ;Diss.;FR;LAZIO;2543
PINAROLO PO;1;2020 ;Rieq.;PV;LOMBARDIA;1711
PIZZO;2;2014 ;Rieq.;VV;CALABRIA;9263
PIZZO;;2017 ;Diss.;VV;CALABRIA;9298
PIZZONE;2;2021 ;Rieq.;IS;MOLISE;312
PIZZONE;;2022 ;Diss.;IS;MOLISE;313
PLACANICA;1;2013 ;Rieq.;RC;CALABRIA;1228
POGGIARDO;1;1989 ;Diss.;LE;PUGLIA;6011
POGGIO CATINO;1;1999 ;Diss.;RI;LAZIO;1189
POGGIO NATIVO;1;2020 ;Diss.;RI;LAZIO;2510
POLLENA TROCCHIA;1;1998 ;Diss.;NA;CAMPANIA;13243
PONTELANDOLFO;1;2003 ;Diss.;BN;CAMPANIA;2513
PONTELATONE;1;2021 ;Rieq.;CE;CAMPANIA;1523
PONTINIA;1;2004 ;Diss.;LT;LAZIO;13118
PONTINVREA;1;1989 ;Diss.;SV;LIGURIA;678
PONZA;1;2022 ;Rieq.;LT;LAZIO;3289
PORTICI;1;2016 ;Rieq.;NA;CAMPANIA;55274
PORTICO DI CASERTA;2;2017 ;Rieq.;CE;CAMPANIA;7856
PORTICO DI CASERTA;;2019 ;Diss.;CE;CAMPANIA;7798
PORTO AZZURRO;3;2012 ;Rieq.;LI;TOSCANA;3833
PORTO AZZURRO;;2014 ;Diss.;LI;TOSCANA;3733
PORTO AZZURRO;;2014 ;Rieq.;LI;TOSCANA;3733
PORTO EMPEDOCLE;1;2016 ;Diss.;AG;SICILIA;17044
PORTOCANNONE;2;2017 ;Diss.;CB;MOLISE;2536
PORTOCANNONE;;2024 ;Rieq.;CB;MOLISE;2324
PORTOFERRAIO;1;2023 ;Rieq.;LI;TOSCANA;11808
PORTOMAGGIORE;1;2017 ;Rieq.;FE;EMILIA ROMAGNA;11756
POTENZA;3;1995 ;Diss.;PZ;BASILICATA;66799
POTENZA;;2014 ;Diss.;PZ;BASILICATA;67403
POTENZA;;2022 ;Rieq.;PZ;BASILICATA;64406
POVEGLIANO VERONESE;1;2017 ;Rieq.;VR;VENETO;7180
POZZALLO;3;2014 ;Rieq.;RG;SICILIA;19571
POZZALLO;;2017 ;Rieq.;RG;SICILIA;19505
POZZALLO;;2024 ;Diss.;RG;SICILIA;18901
PRATA D'ANSIDONIA;1;1989 ;Diss.;AQ;ABRUZZO;544
PRATA DI PRINCIPATO ULTRA;1;2016 ;Diss.;AV;CAMPANIA;2944
PRATELLA;1;2013 ;Rieq.;CE;CAMPANIA;1613
PRATOLA SERRA;1;2021 ;Rieq.;AV;CAMPANIA;3739
PREMOSELLO-CHIOVENDA;1;2022 ;Rieq.;VB;PIEMONTE;1835
PROCIDA;2;1991 ;Diss.;NA;CAMPANIA;10559
PROCIDA;;2012 ;Rieq.;NA;CAMPANIA;10226
PROVVIDENTI;1;1990 ;Diss.;CB;MOLISE;143
PUGLIANELLO;1;1989 ;Diss.;BN;CAMPANIA;1186
PULSANO;1;2018 ;Rieq.;TA;PUGLIA;11504
QUARTO;2;2016 ;Rieq.;NA;CAMPANIA;40930
QUARTO;;2019 ;Diss.;NA;CAMPANIA;39223
QUINDICI;2;1994 ;Diss.;AV;CAMPANIA;2990
QUINDICI;;2015 ;Diss.;AV;CAMPANIA;1944
RACALE;1;2018 ;Rieq.;LE;PUGLIA;11011
RACALMUTO;1;2012 ;Rieq.;AG;SICILIA;8340
RADDUSA;1;2024 ;Diss.;CT;SICILIA;2766
RAIANO;1;1994 ;Diss.;AQ;ABRUZZO;2705
RAMACCA;2;2005 ;Diss.;CT;SICILIA;10590
RAMACCA;;2024 ;Rieq.;CT;SICILIA;10082
RAMISETO;1;1991 ;Diss.;RE;EMILIA ROMAGNA;1570
RANDAZZO;2;2016 ;Rieq.;CT;SICILIA;10900
RANDAZZO;;2019 ;Diss.;CT;SICILIA;10699
RAVELLO;1;1997 ;Diss.;SA;CAMPANIA;2524
RAVISCANINA;1;2014 ;Diss.;CE;CAMPANIA;1368
RECALE;1;2013 ;Diss.;CE;CAMPANIA;7693
REGGIO DI CALABRIA;1;2012 ;Rieq.;RC;CALABRIA;180719
REINO;2;1993 ;Diss.;BN;CAMPANIA;1381
REINO;;2018 ;Rieq.;BN;CAMPANIA;1152
RENDE;1;2013 ;Rieq.;CS;CALABRIA;33756
RIACE;3;1989 ;Diss.;RC;CALABRIA;1642
RIACE;;2017 ;Rieq.;RC;CALABRIA;2345
RIACE;;2018 ;Diss.;RC;CALABRIA;2313
RIESI;1;2019 ;Diss.;CL;SICILIA;11176
RIETI;1;2013 ;Rieq.;RI;LAZIO;47153
RIGNANO FLAMINIO;1;2018 ;Rieq.;RM;LAZIO;10328
RIOMAGGIORE;2;2011 ;Diss.;SP;LIGURIA;1679
RIOMAGGIORE;;2019 ;Rieq.;SP;LIGURIA;1472
RIONERO SANNITICO;3;1991 ;Diss.;IS;MOLISE;1281
RIONERO SANNITICO;;2009 ;Diss.;IS;MOLISE;1143
RIONERO SANNITICO;;2017 ;Rieq.;IS;MOLISE;1111
RIPATRANSONE;1;1990 ;Diss.;AP;MARCHE;4311
RIPOSTO;2;1989 ;Diss.;CT;SICILIA;13925
RIPOSTO;;2013 ;Rieq.;CT;SICILIA;14192
ROBECCO PAVESE;1;1990 ;Diss.;PV;LOMBARDIA;505
ROCCA CANTERANO;1;1992 ;Diss.;RM;LAZIO;279
ROCCA DE' GIORGI;1;1994 ;Diss.;PV;LOMBARDIA;145
ROCCA DI NETO;4;1989 ;Diss.;KR;CALABRIA;5515
ROCCA DI NETO;;2012 ;Rieq.;KR;CALABRIA;5599
ROCCA DI NETO;;2014 ;Rieq.;KR;CALABRIA;5681
ROCCA DI NETO;;2015 ;Diss.;KR;CALABRIA;5696
ROCCA IMPERIALE;1;1991 ;Diss.;CS;CALABRIA;3333
ROCCA PRIORA;1;2008 ;Diss.;RM;LAZIO;10759
ROCCA SANTO STEFANO;1;1989 ;Diss.;RM;LAZIO;958
ROCCABASCERANA;2;2012 ;Rieq.;AV;CAMPANIA;2363
ROCCABASCERANA;;2014 ;Diss.;AV;CAMPANIA;2347
ROCCABERNARDA;1;2002 ;Diss.;KR;CALABRIA;3391
ROCCAFIORITA;1;1990 ;Diss.;ME;SICILIA;224
ROCCAFORTE DEL GRECO;1;1989 ;Diss.;RC;CALABRIA;1171
ROCCAFORZATA;2;2024 ;Rieq.;TA;PUGLIA;1757
ROCCAFORZATA;;2025 ;Diss.;TA;PUGLIA;1757
ROCCAGIOVINE;2;1990 ;Diss.;RM;LAZIO;164
ROCCAGIOVINE;;2013 ;Rieq.;RM;LAZIO;271
ROCCAGLORIOSA;1;1989 ;Diss.;SA;CAMPANIA;2033
ROCCAGORGA;1;2021 ;Rieq.;LT;LAZIO;4159
ROCCALUMERA;2;2023 ;Rieq.;ME;SICILIA;4064
ROCCALUMERA;;2024 ;Diss.;ME;SICILIA;4150
ROCCAMONFINA;3;2004 ;Diss.;CE;CAMPANIA;3752
ROCCAMONFINA;;2011 ;Diss.;CE;CAMPANIA;3662
ROCCAMONFINA;;2017 ;Rieq.;CE;CAMPANIA;3462
ROCCAROMANA;3;1989 ;Diss.;CE;CAMPANIA;953
ROCCAROMANA;;2019 ;Rieq.;CE;CAMPANIA;829
ROCCAROMANA;;2025 ;Diss.;CE;CAMPANIA;834
ROCCELLA VALDEMONE;2;2023 ;Rieq.;ME;SICILIA;560
ROCCELLA VALDEMONE;;2024 ;Diss.;ME;SICILIA;538
ROCCHETTA A VOLTURNO;1;1992 ;Diss.;IS;MOLISE;1108
ROCCHETTA BELBO;1;1991 ;Diss.;CN;PIEMONTE;204
ROCCHETTA DI VARA;1;2020 ;Rieq.;SP;LIGURIA;680
ROCCHETTA LIGURE;1;2022 ;Rieq.;AL;PIEMONTE;223
RODI GARGANICO;2;2015 ;Diss.;FG;PUGLIA;3699
RODI GARGANICO;;2015 ;Rieq.;FG;PUGLIA;3699
ROGLIANO;1;2017 ;Rieq.;CS;CALABRIA;5782
ROIATE;1;1989 ;Diss.;RM;LAZIO;764
ROMBIOLO;1;2018 ;Rieq.;VV;CALABRIA;4524
RONDANINA;1;2024 ;Diss.;GE;LIGURIA;58
ROSE;1;1994 ;Diss.;CS;CALABRIA;4207
ROSOLINI;2;2017 ;Rieq.;SR;SICILIA;21322
ROSOLINI;;2019 ;Diss.;SR;SICILIA;20844
ROTA GRECA;3;1989 ;Diss.;CS;CALABRIA;1358
ROTA GRECA;;2023 ;Rieq.;CS;CALABRIA;934
ROTA GRECA;;2024 ;Diss.;CS;CALABRIA;910
ROTELLO;1;2018 ;Rieq.;CB;MOLISE;1191
RUOTI;1;1994 ;Diss.;PZ;BASILICATA;3775
RUVO DEL MONTE;1;2014 ;Rieq.;PZ;BASILICATA;1099
SABBIA;1;1990 ;Diss.;VC;PIEMONTE;83
SACROFANO;1;2021 ;Rieq.;RM;LAZIO;7293
SALVE;1;1989 ;Diss.;LE;PUGLIA;4536
SALVITELLE;1;1994 ;Diss.;SA;CAMPANIA;891
SALZANO;1;1991 ;Diss.;VE;VENETO;10997
SAMBUCI;1;1989 ;Diss.;RM;LAZIO;678
SAMO;1;2012 ;Diss.;RC;CALABRIA;867
SAN BARTOLOMEO IN GALDO;2;1990 ;Diss.;BN;CAMPANIA;6450
SAN BARTOLOMEO IN GALDO;;2018 ;Rieq.;BN;CAMPANIA;4743
SAN BENEDETTO ULLANO;1;1991 ;Diss.;CS;CALABRIA;1807
SAN CALOGERO;2;2014 ;Rieq.;VV;CALABRIA;4431
SAN CALOGERO;;2017 ;Diss.;VV;CALABRIA;4247
SAN CATALDO;2;2017 ;Rieq.;CL;SICILIA;22865
SAN CATALDO;;2019 ;Diss.;CL;SICILIA;21355
SAN CIPRIANO D'AVERSA;2;1991 ;Diss.;CE;CAMPANIA;12574
SAN CIPRIANO D'AVERSA;;2013 ;Diss.;CE;CAMPANIA;13514
SAN CIPRIANO PICENTINO;1;2022 ;Rieq.;SA;CAMPANIA;6529
SAN COSMO ALBANESE;1;1989 ;Diss.;CS;CALABRIA;747
SAN COSTANTINO ALBANESE;1;1992 ;Diss.;PZ;BASILICATA;1075
SAN DANIELE PO;2;2020 ;Rieq.;CR;LOMBARDIA;1319
SAN DANIELE PO;;2022 ;Diss.;CR;LOMBARDIA;1253
SAN DEMETRIO CORONE;2;1992 ;Diss.;CS;CALABRIA;4418
SAN DEMETRIO CORONE;;2022 ;Rieq.;CS;CALABRIA;3059
SAN DONATO DI LECCE;1;1989 ;Diss.;LE;PUGLIA;5563
SAN FEDELE INTELVI;1;2017 ;Rieq.;CO;LOMBARDIA;1827
SAN FELE;1;2013 ;Rieq.;PZ;BASILICATA;3106
SAN FELICE A CANCELLO;1;2016 ;Diss.;CE;CAMPANIA;17568
SAN FELICE CIRCEO;1;2012 ;Diss.;LT;LAZIO;8726
SAN FILI;1;1989 ;Diss.;CS;CALABRIA;2451
SAN FRATELLO;2;2018 ;Rieq.;ME;SICILIA;3592
SAN FRATELLO;;2019 ;Diss.;ME;SICILIA;3513
SAN GEMINI;1;2017 ;Rieq.;TR;UMBRIA;5018
SAN GIORGIO A LIRI;1;2009 ;Diss.;FR;LAZIO;3160
SAN GIORGIO IONICO;1;2015 ;Rieq.;TA;PUGLIA;15514
SAN GIOVANNI IN FIORE;2;2012 ;Rieq.;CS;CALABRIA;17905
SAN GIOVANNI IN FIORE;;2014 ;Diss.;CS;CALABRIA;17655
SAN GIULIANO DEL SANNIO;1;2017 ;Rieq.;CB;MOLISE;1006
SAN GIULIANO MILANESE;1;2016 ;Rieq.;MI;LOMBARDIA;38226
SAN GREGORIO D'IPPONA;1;1992 ;Diss.;VV;CALABRIA;2430
SAN GREGORIO MATESE;1;2011 ;Diss.;CE;CAMPANIA;1016
SAN LEUCIO DEL SANNIO;1;2013 ;Diss.;BN;CAMPANIA;3184
SAN LORENZO;3;1994 ;Diss.;RC;CALABRIA;3818
SAN LORENZO;;2016 ;Diss.;RC;CALABRIA;2640
SAN LORENZO;;2016 ;Rieq.;RC;CALABRIA;2640
SAN LORENZO BELLIZZI;1;1989 ;Diss.;CS;CALABRIA;909
SAN LORENZO DEL VALLO;2;2016 ;Rieq.;CS;CALABRIA;3394
SAN LORENZO DEL VALLO;;2018 ;Diss.;CS;CALABRIA;3371
SAN LORENZO MAGGIORE;2;1989 ;Diss.;BN;CAMPANIA;2312
SAN LORENZO MAGGIORE;;2019 ;Diss.;BN;CAMPANIA;2078
SAN LUCIDO;3;1998 ;Diss.;CS;CALABRIA;5946
SAN LUCIDO;;2012 ;Rieq.;CS;CALABRIA;5958
SAN LUCIDO;;2016 ;Diss.;CS;CALABRIA;6047
SAN MANGO D'AQUINO;3;1989 ;Diss.;CZ;CALABRIA;2031
SAN MANGO D'AQUINO;;2017 ;Diss.;CZ;CALABRIA;1546
SAN MANGO D'AQUINO;;2017 ;Rieq.;CZ;CALABRIA;1546
SAN MARCELLINO;2;1990 ;Diss.;CE;CAMPANIA;11093
SAN MARCELLINO;;2014 ;Diss.;CE;CAMPANIA;13587
SAN MARCO DEI CAVOTI;1;2018 ;Rieq.;BN;CAMPANIA;3295
SAN MARCO EVANGELISTA;1;1993 ;Diss.;CE;CAMPANIA;5370
SAN MARCO IN LAMIS;2;2014 ;Rieq.;FG;PUGLIA;14034
SAN MARCO IN LAMIS;;2015 ;Diss.;FG;PUGLIA;13939
SAN MARCO LA CATOLA;1;2020 ;Rieq.;FG;PUGLIA;916
SAN MARTINO IN PENSILIS;1;2021 ;Rieq.;CB;MOLISE;4530
SAN MAURO LA BRUCA;1;1989 ;Diss.;SA;CAMPANIA;906
SAN NICANDRO GARGANICO;1;2012 ;Diss.;FG;PUGLIA;15890
SAN NICOLA ARCELLA;1;2019 ;Rieq.;CS;CALABRIA;1881
SAN NICOLA DELL'ALTO;1;1990 ;Diss.;KR;CALABRIA;1443
SAN NICOLA LA STRADA;1;2014 ;Diss.;CE;CAMPANIA;22106
SAN NICOLA MANFREDI;1;2012 ;Rieq.;BN;CAMPANIA;3641
SAN PAOLO DI CIVITATE;1;2016 ;Diss.;FG;PUGLIA;5818
SAN PIETRO A MAIDA;1;2017 ;Rieq.;CZ;CALABRIA;4151
SAN PIETRO DI CARIDA';1;2023 ;Rieq.;RC;CALABRIA;960
SAN PIETRO IN CASALE;1;2023 ;Rieq.;BO;EMILIA ROMAGNA;12953
SAN PIETRO IN GUARANO;1;1990 ;Diss.;CS;CALABRIA;3768
SAN PIETRO IN LAMA;1;1990 ;Diss.;LE;PUGLIA;3757
SAN PIETRO INFINE;1;2001 ;Diss.;CE;CAMPANIA;1011
SAN PIETRO VERNOTICO;1;2015 ;Rieq.;BR;PUGLIA;13914
SAN POLO MATESE;2;1994 ;Diss.;CB;MOLISE;476
SAN POLO MATESE;;2017 ;Rieq.;CB;MOLISE;471
SAN PROCOPIO;1;2008 ;Diss.;RC;CALABRIA;576
SAN ROBERTO;1;2024 ;Rieq.;RC;CALABRIA;1495
SAN SALVATORE DI FITALIA;1;1991 ;Diss.;ME;SICILIA;1954
SAN SOSTI;1;2022 ;Rieq.;CS;CALABRIA;1882
SAN TAMMARO;1;1995 ;Diss.;CE;CAMPANIA;4057
SAN VINCENZO LA COSTA;1;1989 ;Diss.;CS;CALABRIA;1894
SANARICA;2;1989 ;Diss.;LE;PUGLIA;1405
SANARICA;;2015 ;Rieq.;LE;PUGLIA;1470
SANGINETO;1;1989 ;Diss.;CS;CALABRIA;1476
SANNICANDRO DI BARI;1;2016 ;Rieq.;BA;PUGLIA;9957
SANT'AGATA DE' GOTI;2;2015 ;Rieq.;BN;CAMPANIA;11202
SANT'AGATA DE' GOTI;;2019 ;Diss.;BN;CAMPANIA;10921
SANT'AGATA DEL BIANCO;1;1989 ;Diss.;RC;CALABRIA;677
SANT'AGATA DI ESARO;2;2020 ;Rieq.;CS;CALABRIA;1784
SANT'AGATA DI ESARO;;2021 ;Diss.;CS;CALABRIA;1696
SANT'AGATA DI MILITELLO;1;2018 ;Rieq.;ME;SICILIA;12393
SANT'AGATA FELTRIA;1;2014 ;Rieq.;RN;EMILIA ROMAGNA;2194
SANT'ALESSIO SICULO;2;1993 ;Diss.;ME;SICILIA;1377
SANT'ALESSIO SICULO;;2016 ;Rieq.;ME;SICILIA;1554
SANT'ALFIO;1;2023 ;Diss.;CT;SICILIA;1514
SANT'ANDREA APOSTOLO DELLO IONIO;1;1991 ;Diss.;CZ;CALABRIA;2836
SANT'ANGELO A CUPOLO;1;2024 ;Rieq.;BN;CAMPANIA;4003
SANT'ANGELO A FASANELLA;2;2016 ;Rieq.;SA;CAMPANIA;635
SANT'ANGELO A FASANELLA;;2023 ;Diss.;SA;CAMPANIA;489
SANT'ANGELO ALL'ESCA;1;1990 ;Diss.;AV;CAMPANIA;991
SANT'ANGELO LE FRATTE;1;1989 ;Diss.;PZ;BASILICATA;1589
SANT'ANGELO LODIGIANO;1;2015 ;Rieq.;LO;LOMBARDIA;13181
SANT'ANTIMO;1;2021 ;Diss.;NA;CAMPANIA;32238
SANT'ANTONIO ABATE;1;1990 ;Diss.;NA;CAMPANIA;16593
SANT'ARCANGELO;1;1991 ;Diss.;PZ;BASILICATA;7270
SANT'ARPINO;2;2017 ;Rieq.;CE;CAMPANIA;14438
SANT'ARPINO;;2019 ;Diss.;CE;CAMPANIA;14810
SANT'EUFEMIA A MAIELLA;1;2024 ;Rieq.;PE;ABRUZZO;245
SANTA CATERINA ALBANESE;1;1994 ;Diss.;CS;CALABRIA;1518
SANTA CATERINA DELLO IONIO;1;1989 ;Diss.;CZ;CALABRIA;2399
SANTA CATERINA VILLARMOSA;1;2013 ;Rieq.;CL;SICILIA;5659
SANTA CROCE DEL SANNIO;1;1999 ;Diss.;BN;CAMPANIA;1087
SANTA CROCE DI MAGLIANO;1;2022 ;Rieq.;CB;MOLISE;3960
SANTA DOMENICA TALAO;2;1990 ;Diss.;CS;CALABRIA;1316
SANTA DOMENICA TALAO;;2019 ;Rieq.;CS;CALABRIA;1175
SANTA DOMENICA VITTORIA;2;2017 ;Rieq.;ME;SICILIA;974
SANTA DOMENICA VITTORIA;;2020 ;Diss.;ME;SICILIA;891
SANTA GIULETTA;1;2014 ;Rieq.;PV;LOMBARDIA;1664
SANTA MARGHERITA DI BELICE;1;2025 ;Diss.;AG;SICILIA;5959
SANTA MARIA CAPUA VETERE;1;1992 ;Diss.;CE;CAMPANIA;31417
SANTA MARIA DEL MOLISE;1;2015 ;Rieq.;IS;MOLISE;668
SANTA MARIA DI LICODIA;2;2012 ;Rieq.;CT;SICILIA;7321
SANTA MARIA DI LICODIA;;2013 ;Diss.;CT;SICILIA;7377
SANTA MARINELLA;1;2018 ;Diss.;RM;LAZIO;18921
SANTA PAOLINA;1;2024 ;Rieq.;AV;CAMPANIA;1135
SANTA SOFIA D'EPIRO;1;1991 ;Diss.;CS;CALABRIA;3095
SANTA VENERINA;4;1993 ;Diss.;CT;SICILIA;7057
SANTA VENERINA;;2012 ;Rieq.;CT;SICILIA;8364
SANTA VENERINA;;2013 ;Diss.;CT;SICILIA;8440
SANTA VENERINA;;2023 ;Diss.;CT;SICILIA;8426
SANTO STEFANO DI CADORE;1;2021 ;Rieq.;BL;VENETO;2403
SANTO STEFANO DI ROGLIANO;1;1991 ;Diss.;CS;CALABRIA;1294
SANTO STEFANO ROERO;2;2020 ;Rieq.;CN;PIEMONTE;1364
SANTO STEFANO ROERO;;2022 ;Diss.;CN;PIEMONTE;1331
SAPRI;1;1989 ;Diss.;SA;CAMPANIA;7122
SARACENA;2;1990 ;Diss.;CS;CALABRIA;4478
SARACENA;;2019 ;Rieq.;CS;CALABRIA;3687
SARNO;1;1991 ;Diss.;SA;CAMPANIA;31509
SASSANO;1;1994 ;Diss.;SA;CAMPANIA;5410
SASSINORO;1;1989 ;Diss.;BN;CAMPANIA;811
SATRIANO;1;1991 ;Diss.;CZ;CALABRIA;3044
SAVELLI;1;2024 ;Diss.;KR;CALABRIA;982
SAVONA;1;2016 ;Rieq.;SV;LIGURIA;61345
SCAFA;1;1993 ;Diss.;PE;ABRUZZO;3838
SCAFATI;1;2017 ;Rieq.;SA;CAMPANIA;50833
SCALEA;1;2013 ;Rieq.;CS;CALABRIA;10317
SCALETTA ZANCLEA;3;2012 ;Rieq.;ME;SICILIA;2233
SCALETTA ZANCLEA;;2013 ;Rieq.;ME;SICILIA;2208
SCALETTA ZANCLEA;;2015 ;Diss.;ME;SICILIA;2171
SCANNO;2;2019 ;Diss.;AQ;ABRUZZO;1783
SCANNO;;2019 ;Rieq.;AQ;ABRUZZO;1783
SCERNI;1;2024 ;Diss.;CH;ABRUZZO;2938
SCICLI;2;2012 ;Rieq.;RG;SICILIA;25903
SCICLI;;2014 ;Rieq.;RG;SICILIA;27033
SCIGLIANO;1;1992 ;Diss.;CS;CALABRIA;1875
SCILLA;3;1992 ;Diss.;RC;CALABRIA;5555
SCILLA;;2012 ;Diss.;RC;CALABRIA;5104
SCILLA;;2024 ;Rieq.;RC;CALABRIA;4443
SCORDIA;4;2012 ;Rieq.;CT;SICILIA;17196
SCORDIA;;2014 ;Diss.;CT;SICILIA;17205
SCORDIA;;2023 ;Rieq.;CT;SICILIA;16023
SCORDIA;;2024 ;Diss.;CT;SICILIA;15999
SCURCOLA MARSICANA;1;2017 ;Rieq.;AQ;ABRUZZO;2778
SECINARO;1;2016 ;Rieq.;AQ;ABRUZZO;359
SEDRINA;1;2014 ;Rieq.;BG;LOMBARDIA;2497
SEGRATE;1;2017 ;Rieq.;MI;LOMBARDIA;35234
SELLIA MARINA;1;2013 ;Rieq.;CZ;CALABRIA;7139
SENNORI;1;1989 ;Diss.;SS;SARDEGNA;7192
SERRA D'AIELLO;2;1989 ;Diss.;CS;CALABRIA;939
SERRA D'AIELLO;;2014 ;Diss.;CS;CALABRIA;478
SERRA SAN BRUNO;2;2019 ;Rieq.;VV;CALABRIA;6547
SERRA SAN BRUNO;;2021 ;Diss.;VV;CALABRIA;6303
SERRADIFALCO;1;2018 ;Rieq.;CL;SICILIA;5959
SERRAMEZZANA;1;1989 ;Diss.;SA;CAMPANIA;375
SERRARA FONTANA;1;1997 ;Diss.;NA;CAMPANIA;3024
SERSALE;2;2013 ;Diss.;CZ;CALABRIA;4772
SERSALE;;2013 ;Rieq.;CZ;CALABRIA;4772
SESSA AURUNCA;1;2019 ;Rieq.;CE;CAMPANIA;21003
SESTO SAN GIOVANNI;1;2018 ;Rieq.;MI;LOMBARDIA;81773
SEZZE;1;2022 ;Rieq.;LT;LAZIO;23697
SIANO;1;1990 ;Diss.;SA;CAMPANIA;9081
SIDERNO;1;2013 ;Diss.;RC;CALABRIA;16965
SIMBARIO;1;2013 ;Rieq.;VV;CALABRIA;954
SIRIGNANO;1;2019 ;Rieq.;AV;CAMPANIA;2816
SOIANO DEL LAGO;1;2019 ;Rieq.;BS;LOMBARDIA;1834
SOLARINO;1;2020 ;Rieq.;SR;SICILIA;7725
SOMMA VESUVIANA;2;1990 ;Diss.;NA;CAMPANIA;27884
SOMMA VESUVIANA;;2024 ;Rieq.;NA;CAMPANIA;33341
SOMMATINO;1;2018 ;Diss.;CL;SICILIA;6877
SORIANO CALABRO;2;1990 ;Diss.;VV;CALABRIA;3237
SORIANO CALABRO;;2008 ;Diss.;VV;CALABRIA;2686
SOVERATO;2;2012 ;Rieq.;CZ;CALABRIA;8821
SOVERATO;;2014 ;Rieq.;CZ;CALABRIA;9143
SOVERIA MANNELLI;2;2017 ;Rieq.;CZ;CALABRIA;3048
SOVERIA MANNELLI;;2021 ;Diss.;CZ;CALABRIA;2884
SPADAFORA;1;2021 ;Rieq.;ME;SICILIA;4642
SPARANISE;1;1991 ;Diss.;CE;CAMPANIA;7220
SPECCHIA;1;1989 ;Diss.;LE;PUGLIA;4812
SPERLONGA;1;2022 ;Rieq.;LT;LAZIO;3050
SPILINGA;1;1989 ;Diss.;VV;CALABRIA;1525
SPINEA;1;1995 ;Diss.;VE;VENETO;25237
SPINETE;1;2018 ;Rieq.;CB;MOLISE;1251
SQUILLACE;2;2013 ;Rieq.;CZ;CALABRIA;3413
SQUILLACE;;2014 ;Diss.;CZ;CALABRIA;3541
STAITI;1;1989 ;Diss.;RC;CALABRIA;500
STELLA CILENTO;1;1989 ;Diss.;SA;CAMPANIA;874
STERNATIA;1;2018 ;Rieq.;LE;PUGLIA;2261
STIO;1;1990 ;Diss.;SA;CAMPANIA;1098
STORNARA;2;2016 ;Rieq.;FG;PUGLIA;5742
STORNARA;;2024 ;Diss.;FG;PUGLIA;5772
STRONGOLI;1;1989 ;Diss.;KR;CALABRIA;6791
SUCCIVO;1;2012 ;Diss.;CE;CAMPANIA;8111
SUMIRAGO;1;2015 ;Rieq.;VA;LOMBARDIA;6221
SUMMONTE;3;1991 ;Diss.;AV;CAMPANIA;1524
SUMMONTE;;2024 ;Diss.;AV;CAMPANIA;1474
SUMMONTE;;2024 ;Rieq.;AV;CAMPANIA;1474
TAGLIOLO MONFERRATO;1;2020 ;Rieq.;AL;PIEMONTE;1542
TAORMINA;4;2012 ;Rieq.;ME;SICILIA;11053
TAORMINA;;2013 ;Rieq.;ME;SICILIA;11114
TAORMINA;;2016 ;Rieq.;ME;SICILIA;10960
TAORMINA;;2021 ;Diss.;ME;SICILIA;10432
TARANTO;1;2006 ;Diss.;TA;PUGLIA;201854
TAURASI;1;2020 ;Rieq.;AV;CAMPANIA;2238
TAURIANOVA;3;2013 ;Rieq.;RC;CALABRIA;15365
TAURIANOVA;;2014 ;Rieq.;RC;CALABRIA;15740
TAURIANOVA;;2017 ;Diss.;RC;CALABRIA;15613
TAVERNA;1;2016 ;Rieq.;CZ;CALABRIA;2703
TEANO;1;2019 ;Rieq.;CE;CAMPANIA;12039
TERME VIGLIATORE;2;2016 ;Rieq.;ME;SICILIA;7395
TERME VIGLIATORE;;2024 ;Diss.;ME;SICILIA;7308
TERNI;2;2016 ;Rieq.;TR;UMBRIA;111501
TERNI;;2018 ;Diss.;TR;UMBRIA;111189
TERRACINA;1;2011 ;Diss.;LT;LAZIO;43779
TERRANOVA DA SIBARI;1;2021 ;Rieq.;CS;CALABRIA;4607
TERRAVECCHIA;1;1989 ;Diss.;CS;CALABRIA;1535
TERZIGNO;1;1989 ;Diss.;NA;CAMPANIA;12592
TESSENNANO;1;1995 ;Diss.;VT;LAZIO;467
TEVEROLA;1;1994 ;Diss.;CE;CAMPANIA;9042
THIESI;1;2001 ;Diss.;SS;SARDEGNA;3165
TOLFA;1;1989 ;Diss.;RM;LAZIO;4871
TORA E PICCILLI;1;2021 ;Diss.;CE;CAMPANIA;786
TORCHIAROLO;1;2015 ;Rieq.;BR;PUGLIA;5453
TORELLA DEL SANNIO;1;1989 ;Diss.;CB;MOLISE;912
TORITTO;1;2016 ;Rieq.;BA;PUGLIA;8530
TORNIMPARTE;1;1995 ;Diss.;AQ;ABRUZZO;3090
TORRICE;2;2022 ;Rieq.;FR;LAZIO;4692
TORRICE;;2023 ;Diss.;FR;LAZIO;4679
TORRICELLA;1;1989 ;Diss.;TA;PUGLIA;3965
TORTORA;1;1989 ;Diss.;CS;CALABRIA;5071
TORTORICI;3;2012 ;Rieq.;ME;SICILIA;6716
TORTORICI;;2016 ;Diss.;ME;SICILIA;6435
TORTORICI;;2022 ;Diss.;ME;SICILIA;5705
TOSCOLANO-MADERNO;1;2014 ;Rieq.;BS;LOMBARDIA;8100
TRABIA;2;2019 ;Rieq.;PA;SICILIA;10120
TRABIA;;2020 ;Diss.;PA;SICILIA;10112
TREMESTIERI ETNEO;1;2013 ;Rieq.;CT;SICILIA;20841
TRENTINARA;1;1989 ;Diss.;SA;CAMPANIA;1688
TRENTOLA DUCENTA;2;1992 ;Diss.;CE;CAMPANIA;11946
TRENTOLA DUCENTA;;2023 ;Rieq.;CE;CAMPANIA;20512
TREVI NEL LAZIO;2;1999 ;Diss.;FR;LAZIO;1981
TREVI NEL LAZIO;;2019 ;Rieq.;FR;LAZIO;1801
TRICARICO;1;2014 ;Rieq.;MT;BASILICATA;5549
TRIVENTO;2;2008 ;Diss.;CB;MOLISE;4987
TRIVENTO;;2021 ;Rieq.;CB;MOLISE;4499
TURRIVALIGNANI;1;2013 ;Diss.;PE;ABRUZZO;896
TURSI;2;2016 ;Rieq.;MT;BASILICATA;5037
TURSI;;2020 ;Diss.;MT;BASILICATA;4862
UCRIA;1;1990 ;Diss.;ME;SICILIA;1623
UMBRIATICO;1;2001 ;Diss.;KR;CALABRIA;973
USTICA;2;2017 ;Rieq.;PA;SICILIA;1308
USTICA;;2023 ;Diss.;PA;SICILIA;1310
VACCARIZZO ALBANESE;1;1990 ;Diss.;CS;CALABRIA;1395
VAGLIO BASILICATA;1;1989 ;Diss.;PZ;BASILICATA;2189
VAL DELLA TORRE;1;2023 ;Rieq.;TO;PIEMONTE;3976
VALDERICE;1;1993 ;Diss.;TP;SICILIA;10686
VALERA FRATTA;1;1992 ;Diss.;LO;LOMBARDIA;930
VALGIOIE;1;2022 ;Rieq.;TO;PIEMONTE;957
VALLE DELL'ANGELO;1;1993 ;Diss.;SA;CAMPANIA;535
VALLE DI MADDALONI;2;1991 ;Diss.;CE;CAMPANIA;2374
VALLE DI MADDALONI;;2020 ;Diss.;CE;CAMPANIA;2687
VALLECORSA;2;1990 ;Diss.;FR;LAZIO;3462
VALLECORSA;;2018 ;Rieq.;FR;LAZIO;2574
VALLEMAIO;1;1992 ;Diss.;FR;LAZIO;1134
VALLEVE;1;2018 ;Rieq.;BG;LOMBARDIA;133
VALTOPINA;1;2022 ;Rieq.;PG;UMBRIA;1280
VALVERDE;1;1992 ;Diss.;CT;SICILIA;5701
VARALLO POMBIA;2;2013 ;Rieq.;NO;PIEMONTE;5012
VARALLO POMBIA;;2014 ;Diss.;NO;PIEMONTE;4980
VASTO;1;2022 ;Rieq.;CH;ABRUZZO;40692
VELLETRI;1;2009 ;Diss.;RM;LAZIO;51394
VENAFRO;1;2014 ;Rieq.;IS;MOLISE;11434
VERBICARO;1;2021 ;Rieq.;CS;CALABRIA;2587
VETTO;1;1991 ;Diss.;RE;EMILIA ROMAGNA;2107
VEZZA D'ALBA;1;2019 ;Rieq.;CN;PIEMONTE;2272
VIAREGGIO;1;2014 ;Diss.;LU;TOSCANA;63447
VIBO VALENTIA;4;2013 ;Diss.;VV;CALABRIA;33118
VIBO VALENTIA;;2013 ;Rieq.;VV;CALABRIA;33118
VIBO VALENTIA;;2019 ;Rieq.;VV;CALABRIA;31806
VIBO VALENTIA;;2023 ;Rieq.;VV;CALABRIA;31032
VICCHIO;1;2025 ;Rieq.;FI;TOSCANA;8079
VICO DEL GARGANO;1;1989 ;Diss.;FG;PUGLIA;8383
VICOLUNGO;1;1992 ;Diss.;NO;PIEMONTE;816
VICOVARO;1;2019 ;Rieq.;RM;LAZIO;3815
VIGGIANELLO;1;1995 ;Diss.;PZ;BASILICATA;3893
VILLA DI BRIANO;2;1989 ;Diss.;CE;CAMPANIA;5271
VILLA DI BRIANO;;2016 ;Diss.;CE;CAMPANIA;7087
VILLA LITERNO;2;1991 ;Diss.;CE;CAMPANIA;10489
VILLA LITERNO;;2016 ;Diss.;CE;CAMPANIA;11985
VILLA MINOZZO;1;1989 ;Diss.;RE;EMILIA ROMAGNA;4116
VILLA SAN GIOVANNI;1;2021 ;Diss.;RC;CALABRIA;12852
VILLABATE;1;2024 ;Diss.;PA;SICILIA;19435
VILLAFRANCA IN LUNIGIANA;2;2016 ;Rieq.;MS;TOSCANA;4770
VILLAFRANCA IN LUNIGIANA;;2024 ;Diss.;MS;TOSCANA;4726
VILLAFRANCA SICULA;1;1992 ;Diss.;AG;SICILIA;1695
VILLAFRANCA TIRRENA;1;2016 ;Rieq.;ME;SICILIA;8584
VILLALAGO;2;2012 ;Rieq.;AQ;ABRUZZO;587
VILLALAGO;;2013 ;Diss.;AQ;ABRUZZO;579
VILLALBA;1;1994 ;Diss.;CL;SICILIA;2132
VILLAREGGIA;1;2023 ;Rieq.;TO;PIEMONTE;996
VILLARICCA;2;2017 ;Rieq.;NA;CAMPANIA;31226
VILLARICCA;;2018 ;Diss.;NA;CAMPANIA;31223
VILLASTELLONE;1;2013 ;Rieq.;TO;PIEMONTE;4898
VILLATA;1;2020 ;Rieq.;VC;PIEMONTE;1556
VITICUSO;1;1990 ;Diss.;FR;LAZIO;401
VIZZINI;1;2018 ;Diss.;CT;SICILIA;6072
VOLLA;1;2023 ;Diss.;NA;CAMPANIA;25664
VOLTURARA IRPINA;1;2011 ;Diss.;AV;CAMPANIA;3423
ZAGARISE;2;2015 ;Rieq.;CZ;CALABRIA;1674
ZAGARISE;;2018 ;Diss.;CZ;CALABRIA;1604
ZAPPONETA;1;2012 ;Diss.;FG;PUGLIA;3334
ZAVATTARELLO;1;2024 ;Rieq.;PV;LOMBARDIA;881
